date,max_temperature_c,rainfall_mm,humidity_pct,holiday,daily_demand_mwh
2020-01-01,29.2,8.8,74.3,1,35682.2
2020-01-02,28.2,1.9,79.1,0,39396.0
2020-01-03,29.7,1.4,72.9,0,37950.5
2020-01-04,29.8,0.0,72.0,0,38339.1
2020-01-05,27.6,1.6,71.6,1,34792.1
2020-01-06,28.1,0.0,74.4,0,38385.3
2020-01-07,29.3,1.8,76.1,0,39490.6
2020-01-08,28.9,1.3,70.4,0,39359.8
2020-01-09,29.2,0.9,75.3,0,38440.7
2020-01-10,28.6,1.3,75.3,0,38559.4
2020-01-11,30.0,0.0,70.1,0,37066.6
2020-01-12,29.9,0.0,74.7,1,36038.6
2020-01-13,29.4,1.3,67.2,0,38373.0
2020-01-14,30.3,0.2,72.8,0,39248.9
2020-01-15,29.8,3.3,79.4,0,37949.4
2020-01-16,28.7,1.7,79.3,0,38890.1
2020-01-17,29.7,0.6,73.9,0,38070.0
2020-01-18,28.7,0.0,73.0,0,37916.1
2020-01-19,30.2,1.2,70.6,1,35420.9
2020-01-20,29.5,0.0,71.8,0,38588.1
2020-01-21,29.4,0.2,74.6,0,39867.3
2020-01-22,29.1,0.0,71.0,0,39352.1
2020-01-23,30.6,0.0,73.4,0,40483.8
2020-01-24,29.5,0.0,79.1,0,40257.9
2020-01-25,29.3,0.0,72.8,0,37772.7
2020-01-26,29.4,2.3,70.3,1,36934.7
2020-01-27,30.2,3.2,69.8,0,38549.7
2020-01-28,30.1,1.3,75.1,0,40026.7
2020-01-29,30.1,2.5,73.2,0,39235.6
2020-01-30,30.2,0.0,74.3,0,39080.5
2020-01-31,31.6,0.0,68.0,0,40777.5
2020-02-01,29.6,2.4,76.7,0,39065.6
2020-02-02,29.5,0.0,72.2,1,36825.7
2020-02-03,29.3,0.0,70.8,0,39490.4
2020-02-04,30.5,1.5,71.0,1,37669.3
2020-02-05,30.9,0.3,67.2,0,40500.4
2020-02-06,30.0,0.1,78.1,0,39918.7
2020-02-07,29.4,0.0,72.6,0,39834.7
2020-02-08,29.5,2.8,76.5,0,38660.2
2020-02-09,30.7,1.0,70.0,1,37437.8
2020-02-10,30.8,6.6,71.9,0,38909.3
2020-02-11,30.7,4.4,73.2,0,39914.1
2020-02-12,29.7,1.2,76.5,0,38783.5
2020-02-13,30.5,0.0,69.7,0,40283.8
2020-02-14,30.4,2.8,70.6,0,41063.8
2020-02-15,30.5,2.5,73.3,0,38870.2
2020-02-16,31.1,0.0,71.9,1,37334.4
2020-02-17,30.6,4.9,79.2,0,40556.8
2020-02-18,31.0,0.0,71.6,0,39100.8
2020-02-19,30.5,9.5,79.3,0,39571.4
2020-02-20,30.7,2.8,74.9,0,40500.2
2020-02-21,31.0,0.9,67.6,0,38609.1
2020-02-22,29.4,4.4,72.9,0,38066.6
2020-02-23,30.3,4.2,71.0,1,37594.4
2020-02-24,30.2,4.1,70.3,0,40708.7
2020-02-25,30.1,9.4,80.3,0,40078.3
2020-02-26,30.4,5.1,75.5,0,40730.3
2020-02-27,31.9,0.9,70.0,0,41155.3
2020-02-28,30.0,2.5,65.8,0,40445.0
2020-02-29,31.5,15.2,85.8,0,39267.2
2020-03-01,29.4,0.7,70.6,1,36768.1
2020-03-02,30.5,6.3,81.4,0,39834.6
2020-03-03,31.0,10.4,73.0,0,41141.7
2020-03-04,31.3,7.0,72.1,0,41620.9
2020-03-05,31.5,4.3,66.0,0,41700.6
2020-03-06,31.5,5.2,74.1,0,40567.3
2020-03-07,30.7,7.4,72.5,0,38822.0
2020-03-08,30.6,0.7,68.3,1,38192.1
2020-03-09,31.7,3.7,67.8,0,41343.8
2020-03-10,30.9,25.9,89.9,0,40048.7
2020-03-11,30.0,6.2,78.2,0,39722.6
2020-03-12,30.2,4.2,79.9,0,40562.8
2020-03-13,30.4,2.0,70.7,0,39766.4
2020-03-14,31.5,0.6,70.8,0,40601.1
2020-03-15,31.3,4.8,69.4,1,38526.2
2020-03-16,31.7,5.1,71.7,0,42114.2
2020-03-17,30.8,2.9,71.0,0,41186.1
2020-03-18,31.3,30.3,91.1,0,39113.4
2020-03-19,31.7,0.6,72.8,0,41382.7
2020-03-20,31.0,0.0,73.5,0,42327.3
2020-03-21,31.6,1.5,68.0,0,39736.4
2020-03-22,30.8,2.5,75.5,1,37519.2
2020-03-23,31.0,0.1,70.4,0,41894.7
2020-03-24,31.0,3.5,71.7,0,41273.2
2020-03-25,30.4,3.8,71.7,0,42179.3
2020-03-26,31.8,5.3,71.1,0,40701.6
2020-03-27,31.0,0.6,76.1,0,40350.8
2020-03-28,31.4,8.6,76.4,0,40812.0
2020-03-29,31.8,4.3,72.6,1,37288.1
2020-03-30,31.8,0.0,68.5,0,41291.3
2020-03-31,32.0,0.0,76.3,0,41476.7
2020-04-01,31.4,0.8,74.3,0,41888.6
2020-04-02,31.2,2.5,69.7,0,41445.4
2020-04-03,31.5,2.8,70.8,0,41477.5
2020-04-04,30.2,3.1,73.1,0,39406.2
2020-04-05,30.4,10.8,78.9,1,37990.8
2020-04-06,30.5,0.7,69.6,0,43432.5
2020-04-07,30.8,9.1,78.1,0,41107.4
2020-04-08,31.9,2.8,75.3,0,41493.6
2020-04-09,30.9,0.0,66.7,0,40192.1
2020-04-10,31.3,1.0,67.3,0,40798.8
2020-04-11,32.7,0.3,66.7,0,40854.6
2020-04-12,31.4,0.1,68.7,1,37723.2
2020-04-13,32.3,0.0,74.6,1,39394.0
2020-04-14,30.9,0.6,74.0,1,39906.1
2020-04-15,31.5,3.0,74.5,0,42063.9
2020-04-16,30.9,0.0,69.8,0,40975.3
2020-04-17,31.4,1.6,70.0,0,40479.1
2020-04-18,32.4,2.0,65.4,0,41677.2
2020-04-19,30.3,3.5,76.1,1,37442.6
2020-04-20,32.1,0.0,70.3,0,40508.8
2020-04-21,31.9,0.3,73.2,0,42010.1
2020-04-22,31.3,0.0,69.5,0,41909.5
2020-04-23,30.6,0.5,71.0,0,39322.2
2020-04-24,31.8,0.6,70.1,0,40946.9
2020-04-25,31.3,0.0,72.7,0,40301.3
2020-04-26,32.0,0.8,65.2,1,38815.4
2020-04-27,31.8,8.6,77.1,0,40848.5
2020-04-28,33.1,1.8,68.5,0,41488.3
2020-04-29,31.6,0.0,66.4,0,41855.7
2020-04-30,31.0,0.0,64.3,0,40775.6
2020-05-01,31.9,0.8,69.2,1,39563.4
2020-05-02,32.0,0.0,73.4,0,39929.4
2020-05-03,32.9,5.5,76.3,1,37714.3
2020-05-04,32.5,0.0,69.4,0,42270.9
2020-05-05,32.1,2.8,76.6,0,41656.2
2020-05-06,33.0,0.0,67.4,0,42610.2
2020-05-07,30.8,1.4,74.5,0,40591.6
2020-05-08,31.3,0.0,68.7,0,40673.2
2020-05-09,31.1,4.4,71.7,0,40902.8
2020-05-10,31.5,6.6,72.0,1,36850.5
2020-05-11,30.7,3.3,66.9,0,41581.8
2020-05-12,32.3,7.5,77.3,0,42241.5
2020-05-13,31.6,0.0,67.7,0,41866.2
2020-05-14,30.6,2.9,70.6,0,40267.3
2020-05-15,31.0,4.7,70.1,0,40286.3
2020-05-16,32.0,5.6,72.0,0,40246.9
2020-05-17,32.4,4.7,76.7,1,37461.8
2020-05-18,33.4,6.2,77.3,0,41260.4
2020-05-19,34.1,3.6,63.2,0,42734.5
2020-05-20,32.1,0.0,67.8,0,41888.3
2020-05-21,30.9,1.1,68.2,0,40190.8
2020-05-22,30.0,11.8,82.6,0,40484.8
2020-05-23,31.9,10.9,77.0,0,40379.7
2020-05-24,31.1,6.1,72.4,1,38502.8
2020-05-25,31.4,7.9,75.3,0,41163.9
2020-05-26,31.2,10.3,75.4,0,41305.4
2020-05-27,31.6,6.3,78.6,0,41228.7
2020-05-28,32.5,12.8,78.2,0,41774.2
2020-05-29,31.8,12.5,79.5,0,39941.1
2020-05-30,31.5,1.6,62.8,0,40040.3
2020-05-31,30.8,1.7,71.7,1,37434.5
2020-06-01,30.3,6.1,81.8,0,40081.1
2020-06-02,31.2,22.4,88.7,0,40392.3
2020-06-03,31.5,14.3,73.4,0,40947.0
2020-06-04,33.0,9.7,72.9,0,41627.1
2020-06-05,31.7,15.1,75.7,0,40416.0
2020-06-06,32.3,7.0,78.2,0,39740.6
2020-06-07,31.1,2.5,72.7,1,38197.0
2020-06-08,30.6,26.7,86.2,0,39777.7
2020-06-09,30.7,6.3,75.1,0,39661.2
2020-06-10,30.9,12.2,70.8,0,40058.8
2020-06-11,33.2,0.0,64.0,0,40549.3
2020-06-12,30.8,4.5,73.9,0,40387.9
2020-06-13,32.1,0.3,71.6,0,40094.8
2020-06-14,30.7,4.9,68.3,1,36695.8
2020-06-15,32.1,1.4,68.6,0,42097.6
2020-06-16,31.7,32.3,93.6,0,38996.7
2020-06-17,31.2,10.0,72.3,0,40754.6
2020-06-18,31.3,13.7,79.7,0,41603.7
2020-06-19,30.8,0.0,71.0,0,41096.8
2020-06-20,31.6,7.4,79.5,0,39610.1
2020-06-21,30.9,2.1,71.3,1,36404.4
2020-06-22,30.2,12.4,79.1,0,38771.5
2020-06-23,30.2,5.7,78.0,0,39572.0
2020-06-24,31.3,2.3,67.5,0,40039.3
2020-06-25,32.4,0.0,67.7,0,40607.9
2020-06-26,31.3,2.7,70.5,0,40191.5
2020-06-27,31.0,8.1,75.3,0,39110.8
2020-06-28,31.3,0.9,73.2,1,37568.6
2020-06-29,32.1,18.7,82.6,0,39386.9
2020-06-30,31.2,6.5,72.2,0,39722.8
2020-07-01,30.7,0.0,71.4,0,40017.2
2020-07-02,31.9,0.0,73.7,0,40543.8
2020-07-03,31.3,1.0,68.2,0,41534.9
2020-07-04,32.2,0.4,69.5,0,40005.8
2020-07-05,31.1,2.6,71.5,1,35877.3
2020-07-06,29.9,1.1,72.7,0,39875.0
2020-07-07,29.8,0.4,67.7,0,39895.5
2020-07-08,32.1,0.0,73.0,0,40597.3
2020-07-09,32.2,2.5,68.1,0,39795.0
2020-07-10,30.6,0.0,74.1,0,41049.6
2020-07-11,30.4,3.7,71.9,0,38069.1
2020-07-12,31.9,0.0,67.3,1,37697.0
2020-07-13,29.8,0.0,75.9,0,39576.3
2020-07-14,29.9,0.0,75.1,0,39883.1
2020-07-15,31.1,0.0,70.9,0,41157.4
2020-07-16,30.3,0.0,73.9,0,39979.1
2020-07-17,30.6,0.0,70.3,0,39364.9
2020-07-18,30.4,0.8,71.9,0,39421.6
2020-07-19,30.8,0.0,68.8,1,36178.1
2020-07-20,31.6,0.8,72.9,0,40240.3
2020-07-21,30.5,0.0,69.1,0,38781.3
2020-07-22,30.9,0.0,75.1,0,39126.7
2020-07-23,28.7,3.1,74.9,0,38654.4
2020-07-24,30.3,0.0,71.6,0,39699.6
2020-07-25,29.7,1.8,76.0,0,37050.1
2020-07-26,29.3,0.0,73.1,1,36062.2
2020-07-27,29.6,5.3,75.2,0,38315.6
2020-07-28,30.0,0.8,72.5,0,40009.3
2020-07-29,30.9,0.7,73.7,0,39398.4
2020-07-30,29.1,0.0,71.3,0,38023.1
2020-07-31,30.2,0.0,71.4,0,39287.8
2020-08-01,29.7,0.4,72.7,0,37493.7
2020-08-02,29.8,0.0,74.9,1,36653.9
2020-08-03,30.9,4.6,73.4,0,39343.9
2020-08-04,30.4,1.5,77.7,0,39140.4
2020-08-05,31.1,0.0,69.9,0,39945.9
2020-08-06,29.8,4.5,74.5,0,38140.9
2020-08-07,29.4,0.6,72.8,0,37849.2
2020-08-08,29.7,4.8,71.6,0,38053.4
2020-08-09,30.1,0.4,69.1,1,35069.3
2020-08-10,30.0,4.1,73.1,0,38078.9
2020-08-11,28.9,0.9,77.6,0,38933.0
2020-08-12,29.8,7.2,76.8,0,38927.1
2020-08-13,29.9,0.0,70.7,0,38039.4
2020-08-14,31.7,0.0,73.1,0,39296.6
2020-08-15,31.2,2.0,76.2,0,37860.8
2020-08-16,29.0,0.5,77.6,1,36274.4
2020-08-17,29.4,1.2,71.2,0,39065.3
2020-08-18,28.4,6.5,77.1,0,37533.8
2020-08-19,29.1,1.3,79.7,0,38665.0
2020-08-20,29.8,4.8,76.2,0,37601.3
2020-08-21,30.5,0.2,70.6,0,38515.8
2020-08-22,28.9,0.0,75.8,0,37353.1
2020-08-23,28.9,8.2,81.9,1,34989.9
2020-08-24,27.7,19.1,86.1,0,36845.4
2020-08-25,29.3,4.8,76.9,0,38300.6
2020-08-26,28.5,3.2,79.1,0,37868.9
2020-08-27,28.9,4.3,73.0,0,37846.0
2020-08-28,28.6,14.8,83.7,0,37229.6
2020-08-29,29.2,5.1,73.2,0,36852.1
2020-08-30,27.8,9.4,78.4,1,34159.7
2020-08-31,28.0,9.1,79.2,0,37570.4
2020-09-01,30.9,12.1,80.0,0,38678.0
2020-09-02,28.1,3.3,76.0,0,36750.0
2020-09-03,28.3,1.5,73.7,0,36973.7
2020-09-04,30.6,7.5,76.1,0,38772.7
2020-09-05,31.4,11.3,73.8,0,38817.5
2020-09-06,28.1,13.4,84.8,1,33995.4
2020-09-07,28.7,16.7,88.2,0,36993.1
2020-09-08,29.3,10.1,79.5,0,37881.6
2020-09-09,30.4,1.3,71.7,0,37814.1
2020-09-10,28.2,4.9,79.1,0,38207.3
2020-09-11,28.7,4.3,70.6,0,37758.0
2020-09-12,29.5,3.7,76.7,0,36692.6
2020-09-13,29.2,6.8,86.9,1,34453.4
2020-09-14,28.5,2.5,75.4,0,37234.7
2020-09-15,28.7,2.4,75.1,0,38501.6
2020-09-16,27.7,18.9,89.9,0,36442.1
2020-09-17,28.6,2.8,80.9,0,37648.8
2020-09-18,28.5,9.8,83.5,0,37643.9
2020-09-19,28.9,10.1,73.7,0,36050.1
2020-09-20,28.3,3.9,78.9,1,34248.4
2020-09-21,29.1,2.0,82.4,0,37941.1
2020-09-22,29.5,0.1,74.7,0,37009.3
2020-09-23,28.8,0.0,70.4,0,37837.0
2020-09-24,28.9,5.2,77.9,0,37516.3
2020-09-25,28.7,3.9,72.7,0,37543.8
2020-09-26,28.6,5.6,81.5,0,36484.0
2020-09-27,28.0,0.6,72.5,1,34209.8
2020-09-28,28.8,13.8,83.0,0,38031.4
2020-09-29,28.5,3.5,74.0,0,36578.1
2020-09-30,30.2,1.3,70.9,0,38026.1
2020-10-01,29.8,0.5,77.2,0,38493.3
2020-10-02,28.8,4.4,77.0,0,37768.0
2020-10-03,27.9,7.4,78.4,0,36291.2
2020-10-04,27.6,1.3,73.1,1,35550.4
2020-10-05,29.4,7.8,72.4,0,38002.5
2020-10-06,28.6,0.0,70.3,0,38242.6
2020-10-07,28.8,2.0,75.4,0,37310.3
2020-10-08,27.0,1.9,80.7,0,36000.5
2020-10-09,29.1,2.3,73.1,0,37444.2
2020-10-10,28.7,1.0,79.3,0,37064.7
2020-10-11,27.5,1.4,74.5,1,33943.0
2020-10-12,28.0,0.0,74.3,0,37425.1
2020-10-13,28.5,4.2,73.7,0,37151.0
2020-10-14,28.4,2.7,79.2,0,37011.0
2020-10-15,28.1,1.0,81.8,0,37056.3
2020-10-16,28.2,2.6,71.1,0,37653.7
2020-10-17,28.1,3.9,76.4,0,36720.2
2020-10-18,28.4,1.6,79.2,1,33452.7
2020-10-19,29.4,7.1,73.1,0,38111.5
2020-10-20,26.2,1.8,80.6,0,35822.8
2020-10-21,28.1,0.0,78.6,0,37504.8
2020-10-22,28.4,0.9,75.2,0,37199.9
2020-10-23,28.5,2.9,77.8,0,38316.4
2020-10-24,27.9,4.3,83.2,0,35819.1
2020-10-25,26.8,0.9,83.2,1,33494.0
2020-10-26,28.5,0.0,74.1,0,37803.2
2020-10-27,29.6,0.2,71.2,0,37369.8
2020-10-28,27.0,0.0,73.8,0,36647.8
2020-10-29,28.9,3.0,78.5,0,37339.1
2020-10-30,27.9,0.1,71.0,0,36824.4
2020-10-31,28.2,0.0,74.0,0,36081.2
2020-11-01,27.4,4.0,78.9,1,34272.6
2020-11-02,27.9,8.0,78.8,0,36502.1
2020-11-03,29.2,0.0,74.0,0,38169.9
2020-11-04,28.7,2.0,83.0,0,37667.5
2020-11-05,29.6,1.0,72.9,0,37034.1
2020-11-06,29.1,8.4,77.4,0,37817.2
2020-11-07,28.6,1.6,78.2,0,35621.9
2020-11-08,29.6,0.0,73.3,1,35212.6
2020-11-09,28.6,2.0,79.8,0,37113.3
2020-11-10,28.9,8.1,79.5,0,37390.8
2020-11-11,28.0,1.5,75.3,0,36354.2
2020-11-12,28.3,0.6,69.6,0,37456.8
2020-11-13,27.7,2.1,72.0,0,37642.7
2020-11-14,29.0,0.0,68.0,0,36348.8
2020-11-15,27.3,2.1,78.6,1,33285.2
2020-11-16,28.9,1.0,70.3,0,37978.2
2020-11-17,28.1,23.7,94.1,0,36838.6
2020-11-18,29.2,0.3,73.5,0,36300.8
2020-11-19,28.9,1.0,73.6,0,39022.4
2020-11-20,29.7,0.1,70.0,0,38511.8
2020-11-21,28.9,5.8,79.3,0,37119.5
2020-11-22,27.0,0.8,74.6,1,33579.5
2020-11-23,28.2,0.0,71.7,0,36288.9
2020-11-24,27.4,4.2,82.2,0,37379.3
2020-11-25,27.9,2.4,77.8,0,36904.4
2020-11-26,29.5,1.1,72.7,0,38469.9
2020-11-27,28.8,15.4,85.6,0,37156.5
2020-11-28,27.8,6.8,79.7,0,36359.7
2020-11-29,27.6,6.0,80.7,1,33326.5
2020-11-30,28.4,7.1,76.5,0,37977.7
2020-12-01,27.4,6.7,86.4,0,36196.7
2020-12-02,27.9,2.8,75.3,0,38794.9
2020-12-03,28.7,1.1,79.3,0,39251.6
2020-12-04,29.4,4.7,75.5,0,39075.7
2020-12-05,28.9,2.8,77.8,0,37825.3
2020-12-06,26.6,0.1,79.3,1,33642.5
2020-12-07,28.7,2.2,78.8,0,38604.3
2020-12-08,28.6,10.6,78.5,0,37422.9
2020-12-09,28.8,4.6,79.9,0,36842.5
2020-12-10,29.8,0.5,78.1,0,39459.6
2020-12-11,26.9,0.0,75.9,0,37845.9
2020-12-12,28.1,12.3,82.9,0,36353.8
2020-12-13,29.1,2.7,73.6,1,34091.6
2020-12-14,27.3,2.9,76.9,0,36892.1
2020-12-15,29.8,7.6,82.4,0,37127.1
2020-12-16,28.9,0.0,70.6,0,38793.6
2020-12-17,29.3,3.5,72.4,0,37226.2
2020-12-18,28.2,3.8,82.0,0,37926.7
2020-12-19,29.4,0.0,74.8,0,36986.9
2020-12-20,29.6,11.1,86.2,1,34047.6
2020-12-21,28.9,3.5,74.5,0,38301.9
2020-12-22,29.0,1.3,74.8,0,38037.7
2020-12-23,29.0,1.9,72.7,0,38823.7
2020-12-24,28.1,0.0,75.2,0,37116.1
2020-12-25,28.7,0.0,68.6,1,35453.5
2020-12-26,28.8,0.8,76.4,0,35796.3
2020-12-27,29.2,0.8,74.7,1,33863.2
2020-12-28,29.7,1.2,73.0,0,39907.9
2020-12-29,28.1,8.5,79.2,0,39079.8
2020-12-30,28.9,4.0,73.6,0,38331.8
2020-12-31,30.2,0.0,73.9,0,38526.9
2021-01-01,28.4,6.3,74.9,1,36223.0
2021-01-02,28.4,0.3,76.2,0,38596.4
2021-01-03,29.2,3.8,81.8,1,35699.2
2021-01-04,29.8,0.3,77.0,0,39789.2
2021-01-05,29.1,1.3,69.7,0,39303.8
2021-01-06,30.2,0.0,70.1,0,39529.1
2021-01-07,29.9,1.7,74.6,0,39350.6
2021-01-08,29.9,3.2,74.1,0,39857.9
2021-01-09,29.7,0.0,68.3,0,38169.0
2021-01-10,31.1,2.9,73.4,1,37410.2
2021-01-11,29.1,0.0,73.3,0,39175.3
2021-01-12,27.7,6.0,85.1,0,38699.3
2021-01-13,30.6,2.2,71.7,0,41069.0
2021-01-14,29.0,1.6,78.1,0,39324.3
2021-01-15,29.5,0.1,69.0,0,40336.8
2021-01-16,30.5,9.8,74.6,0,37830.2
2021-01-17,28.2,0.0,76.9,1,35651.2
2021-01-18,28.5,0.0,77.5,0,39345.3
2021-01-19,28.2,0.0,71.8,0,40479.0
2021-01-20,28.9,2.8,75.5,0,38203.2
2021-01-21,29.9,0.5,68.3,0,40004.3
2021-01-22,30.0,0.3,71.6,0,41090.3
2021-01-23,29.9,0.0,74.7,0,38683.2
2021-01-24,28.5,0.2,73.1,1,36133.9
2021-01-25,27.8,0.0,74.5,0,39388.0
2021-01-26,29.8,2.1,70.3,0,40162.6
2021-01-27,29.4,0.1,71.1,0,40963.2
2021-01-28,30.2,0.0,77.0,0,40635.6
2021-01-29,30.4,3.5,73.9,0,41213.6
2021-01-30,30.0,0.0,69.1,0,39158.8
2021-01-31,30.5,1.2,71.1,1,36845.0
2021-02-01,30.1,0.0,67.1,0,40252.9
2021-02-02,30.4,0.0,68.4,0,39797.6
2021-02-03,29.4,0.4,77.2,0,40412.9
2021-02-04,29.9,0.1,71.9,1,37794.0
2021-02-05,30.2,0.2,77.5,0,40086.2
2021-02-06,30.7,4.5,73.6,0,40071.8
2021-02-07,29.8,5.1,75.5,1,36253.9
2021-02-08,30.5,2.9,75.0,0,41161.7
2021-02-09,29.9,0.0,64.1,0,40182.8
2021-02-10,30.1,1.7,73.6,0,41280.4
2021-02-11,30.9,14.4,79.9,0,40224.2
2021-02-12,28.7,21.4,92.4,0,39597.3
2021-02-13,29.2,7.5,80.9,0,39190.1
2021-02-14,29.1,0.0,69.9,1,37483.4
2021-02-15,28.5,2.3,79.5,0,39899.6
2021-02-16,29.8,3.8,74.0,0,39361.4
2021-02-17,31.0,3.2,69.9,0,41700.9
2021-02-18,30.2,9.8,78.7,0,40393.4
2021-02-19,30.6,7.3,75.2,0,41271.0
2021-02-20,31.4,0.0,74.6,0,40937.2
2021-02-21,31.6,1.0,71.3,1,37776.0
2021-02-22,30.5,9.8,78.3,0,40071.0
2021-02-23,31.7,14.4,81.6,0,41508.9
2021-02-24,30.7,4.9,77.4,0,40766.7
2021-02-25,30.0,16.6,85.2,0,40838.6
2021-02-26,30.2,4.4,78.8,0,40664.8
2021-02-27,29.5,0.4,74.8,0,40375.0
2021-02-28,30.0,7.9,77.6,1,37682.6
2021-03-01,30.5,0.0,75.0,0,41303.8
2021-03-02,31.4,16.9,80.6,0,40759.2
2021-03-03,32.2,7.6,73.7,0,41860.4
2021-03-04,29.7,1.1,78.3,0,41549.3
2021-03-05,31.2,0.0,75.1,0,41487.3
2021-03-06,30.1,0.0,71.9,0,40445.9
2021-03-07,31.3,1.6,69.7,1,38386.2
2021-03-08,30.8,6.3,79.2,0,41266.2
2021-03-09,29.5,10.2,81.7,0,41545.0
2021-03-10,31.7,12.4,78.4,0,42213.2
2021-03-11,30.5,5.5,73.8,0,41162.0
2021-03-12,30.6,4.5,75.0,0,41339.2
2021-03-13,30.2,2.2,73.0,0,39744.9
2021-03-14,30.6,6.1,73.1,1,37838.1
2021-03-15,31.5,1.0,70.8,0,41970.2
2021-03-16,31.0,0.0,71.3,0,42142.9
2021-03-17,31.4,3.8,71.2,0,42167.8
2021-03-18,31.5,8.2,77.8,0,40840.9
2021-03-19,32.3,0.0,72.5,0,42874.9
2021-03-20,31.0,1.1,74.2,0,40627.2
2021-03-21,30.1,3.2,73.1,1,37257.6
2021-03-22,32.1,3.0,73.0,0,42973.4
2021-03-23,31.0,5.4,74.2,0,42452.9
2021-03-24,32.2,16.1,75.4,0,41876.8
2021-03-25,31.7,0.0,71.5,0,42467.5
2021-03-26,31.3,15.6,80.7,0,41782.4
2021-03-27,31.7,13.9,86.3,0,41552.6
2021-03-28,33.0,6.4,76.1,1,39713.4
2021-03-29,33.1,2.8,71.4,0,41769.1
2021-03-30,31.5,0.2,70.6,0,43276.2
2021-03-31,31.6,5.5,73.7,0,42528.6
2021-04-01,32.3,2.6,67.1,0,41976.3
2021-04-02,30.8,0.7,66.0,0,40980.1
2021-04-03,31.8,4.6,69.7,0,41409.6
2021-04-04,31.5,5.2,73.0,1,38455.4
2021-04-05,31.8,6.8,67.4,0,42139.2
2021-04-06,30.9,0.0,69.0,0,42219.3
2021-04-07,30.3,5.4,74.3,0,40901.9
2021-04-08,29.9,0.3,71.7,0,40548.8
2021-04-09,30.7,1.3,69.8,0,41867.6
2021-04-10,31.3,1.7,70.2,0,40620.2
2021-04-11,31.4,4.0,77.7,1,38756.0
2021-04-12,33.2,2.4,70.8,0,41909.5
2021-04-13,32.5,0.0,66.5,1,40093.5
2021-04-14,30.9,0.0,70.4,1,39936.5
2021-04-15,32.0,1.5,70.0,0,42623.3
2021-04-16,31.4,0.7,68.1,0,41462.8
2021-04-17,31.5,0.0,67.5,0,40394.8
2021-04-18,31.9,0.9,72.8,1,39019.8
2021-04-19,32.2,0.4,67.7,0,42764.7
2021-04-20,31.5,3.9,69.1,0,42176.4
2021-04-21,32.6,6.5,72.2,0,42033.0
2021-04-22,30.8,2.7,72.9,0,41848.7
2021-04-23,31.8,0.3,63.6,0,43159.4
2021-04-24,33.8,0.6,66.5,0,42403.5
2021-04-25,31.9,0.0,71.7,1,38019.3
2021-04-26,32.9,0.0,69.0,0,42878.8
2021-04-27,31.9,0.4,76.1,0,43548.2
2021-04-28,32.2,0.2,72.5,0,41575.1
2021-04-29,31.7,0.0,73.7,0,42193.8
2021-04-30,31.7,5.3,81.4,0,41797.3
2021-05-01,31.2,6.4,76.7,1,38533.6
2021-05-02,32.1,5.7,73.0,1,39084.0
2021-05-03,31.1,7.3,78.0,0,42347.5
2021-05-04,32.3,12.9,75.2,0,42043.7
2021-05-05,32.7,0.0,68.3,0,43426.3
2021-05-06,32.1,13.6,75.8,0,41761.3
2021-05-07,31.6,0.6,71.2,0,41810.4
2021-05-08,32.2,4.0,69.4,0,40861.4
2021-05-09,31.6,0.0,67.6,1,37656.0
2021-05-10,32.5,0.5,69.8,0,42667.8
2021-05-11,30.3,6.7,75.5,0,42536.5
2021-05-12,31.5,5.2,67.3,0,42118.6
2021-05-13,30.2,1.0,68.0,0,41767.5
2021-05-14,30.6,2.7,69.4,0,41174.8
2021-05-15,32.9,0.6,65.5,0,41544.3
2021-05-16,32.5,8.3,74.9,1,39585.5
2021-05-17,31.2,12.2,78.8,0,42680.8
2021-05-18,30.6,0.4,74.6,0,42445.0
2021-05-19,29.4,2.9,77.1,0,41337.0
2021-05-20,31.3,4.3,76.0,0,41705.2
2021-05-21,33.7,6.2,72.3,0,42876.9
2021-05-22,32.1,5.0,72.8,0,40613.7
2021-05-23,31.3,6.0,77.3,1,37432.7
2021-05-24,32.1,2.9,73.5,0,41325.1
2021-05-25,30.5,3.1,74.5,0,41289.1
2021-05-26,31.5,3.0,75.6,0,41540.4
2021-05-27,31.8,1.5,63.3,0,40960.5
2021-05-28,31.6,2.0,70.0,0,41785.6
2021-05-29,32.3,6.9,72.1,0,40849.2
2021-05-30,31.9,15.3,82.5,1,37510.2
2021-05-31,32.2,0.3,73.7,0,41861.2
2021-06-01,31.1,3.5,68.3,0,41242.0
2021-06-02,32.3,0.0,72.7,0,41760.6
2021-06-03,32.9,1.8,65.3,0,42961.0
2021-06-04,30.8,2.4,68.9,0,40079.9
2021-06-05,30.9,5.1,73.3,0,39043.2
2021-06-06,32.6,4.9,70.3,1,38873.8
2021-06-07,31.4,3.9,67.8,0,41558.1
2021-06-08,32.6,6.5,74.2,0,42256.3
2021-06-09,31.2,0.6,72.7,0,41119.3
2021-06-10,32.7,5.0,74.4,0,41423.2
2021-06-11,31.6,8.9,74.1,0,41345.9
2021-06-12,31.7,0.5,69.7,0,40480.2
2021-06-13,32.7,0.0,67.9,1,39968.5
2021-06-14,31.1,10.8,82.4,0,40804.5
2021-06-15,30.6,0.0,62.5,0,41110.9
2021-06-16,31.0,1.3,68.5,0,42870.2
2021-06-17,31.7,7.7,74.5,0,41228.7
2021-06-18,30.1,0.2,68.8,0,41177.8
2021-06-19,31.8,9.1,74.4,0,40843.9
2021-06-20,30.9,0.7,70.8,1,38411.8
2021-06-21,32.2,0.4,67.0,0,41955.3
2021-06-22,29.3,0.6,73.6,0,40494.6
2021-06-23,30.6,5.6,76.6,0,40848.2
2021-06-24,29.9,0.8,72.1,0,40198.5
2021-06-25,30.5,8.0,75.1,0,40833.4
2021-06-26,31.4,2.5,71.1,0,41616.3
2021-06-27,31.0,2.7,72.2,1,38582.8
2021-06-28,30.9,0.0,65.4,0,41227.2
2021-06-29,31.0,7.8,77.0,0,41317.2
2021-06-30,31.2,5.0,72.1,0,40402.0
2021-07-01,30.2,4.6,78.4,0,40313.8
2021-07-02,31.6,1.1,72.2,0,41846.2
2021-07-03,31.5,0.0,73.2,0,41287.2
2021-07-04,31.3,1.9,68.3,1,37314.5
2021-07-05,31.4,2.9,70.7,0,40697.4
2021-07-06,31.1,2.8,68.4,0,42301.2
2021-07-07,32.5,2.1,67.5,0,41601.9
2021-07-08,30.8,1.9,75.8,0,41885.1
2021-07-09,30.6,0.0,75.6,0,40781.2
2021-07-10,30.2,0.0,68.3,0,39701.0
2021-07-11,29.9,0.0,70.7,1,36900.9
2021-07-12,29.7,3.5,74.4,0,40673.7
2021-07-13,30.0,7.2,78.5,0,40914.6
2021-07-14,30.6,13.5,74.6,0,39417.6
2021-07-15,30.9,0.9,66.4,0,40423.3
2021-07-16,30.7,1.1,73.2,0,41096.3
2021-07-17,30.0,0.2,66.3,0,39201.3
2021-07-18,31.3,0.8,69.2,1,37248.2
2021-07-19,31.1,0.0,70.8,0,41354.5
2021-07-20,30.4,0.1,72.7,0,41031.1
2021-07-21,30.0,0.0,71.6,0,39799.9
2021-07-22,30.9,0.0,69.6,0,40655.7
2021-07-23,30.6,0.0,73.7,0,39557.8
2021-07-24,29.2,1.5,75.0,0,38145.2
2021-07-25,30.3,1.9,70.8,1,36988.3
2021-07-26,30.5,1.1,72.0,0,40244.7
2021-07-27,29.6,0.0,73.8,0,39153.0
2021-07-28,30.4,0.0,76.5,0,39698.4
2021-07-29,29.1,2.3,77.3,0,38722.9
2021-07-30,31.3,0.8,74.2,0,40800.4
2021-07-31,31.2,0.0,68.4,0,38283.0
2021-08-01,29.9,1.3,71.3,1,35947.4
2021-08-02,30.4,1.9,72.0,0,38771.2
2021-08-03,28.2,0.0,74.3,0,39221.9
2021-08-04,29.1,2.9,72.1,0,38123.1
2021-08-05,29.8,0.0,76.1,0,39711.1
2021-08-06,29.1,0.0,76.0,0,40421.6
2021-08-07,30.5,0.0,70.3,0,40194.2
2021-08-08,31.5,0.0,71.6,1,36089.8
2021-08-09,29.0,0.0,74.2,0,39403.4
2021-08-10,29.2,6.6,79.7,0,38429.9
2021-08-11,30.0,1.3,68.8,0,38859.0
2021-08-12,31.1,0.9,70.5,0,40071.2
2021-08-13,28.8,8.3,79.0,0,39560.8
2021-08-14,29.9,8.2,79.3,0,38785.5
2021-08-15,31.2,1.3,69.2,1,36441.1
2021-08-16,28.4,4.0,69.6,0,39101.7
2021-08-17,28.6,0.9,71.4,0,37403.4
2021-08-18,29.3,2.6,74.6,0,38607.9
2021-08-19,29.2,0.0,73.4,0,38581.3
2021-08-20,30.2,5.5,80.3,0,39455.0
2021-08-21,29.7,11.2,81.4,0,37919.4
2021-08-22,28.1,9.7,81.4,1,34905.6
2021-08-23,29.9,3.8,74.5,0,39137.2
2021-08-24,29.0,0.0,76.8,0,38945.3
2021-08-25,30.4,1.2,70.3,0,39920.2
2021-08-26,28.9,3.3,75.4,0,38829.5
2021-08-27,28.8,0.0,70.5,0,38628.0
2021-08-28,29.8,0.0,76.6,0,38595.1
2021-08-29,29.9,16.3,83.9,1,36055.7
2021-08-30,29.6,9.8,76.8,0,38431.1
2021-08-31,27.9,7.3,79.6,0,37993.2
2021-09-01,29.6,8.9,79.8,0,39555.7
2021-09-02,28.4,0.0,73.7,0,37761.4
2021-09-03,29.3,0.6,71.8,0,40089.4
2021-09-04,28.0,5.4,76.6,0,36310.2
2021-09-05,29.5,5.9,77.7,1,35328.3
2021-09-06,28.4,0.0,73.3,0,37833.9
2021-09-07,28.0,4.9,76.8,0,39490.3
2021-09-08,29.6,3.6,71.0,0,38526.2
2021-09-09,29.2,10.7,80.4,0,38072.5
2021-09-10,28.5,5.8,77.5,0,37975.0
2021-09-11,30.1,17.7,82.4,0,37727.6
2021-09-12,28.6,2.1,76.1,1,34944.1
2021-09-13,28.9,0.0,75.9,0,38503.0
2021-09-14,29.1,16.5,86.2,0,35783.1
2021-09-15,28.4,5.6,79.8,0,38131.2
2021-09-16,29.2,3.2,74.5,0,38586.3
2021-09-17,28.4,0.4,73.0,0,38937.1
2021-09-18,28.4,1.8,72.4,0,38187.5
2021-09-19,29.8,1.6,71.5,1,35582.4
2021-09-20,27.9,0.0,75.2,0,38545.9
2021-09-21,26.8,0.0,74.5,0,36751.2
2021-09-22,30.0,1.3,73.2,0,39445.1
2021-09-23,30.7,6.5,72.3,0,38732.2
2021-09-24,28.3,10.0,76.0,0,37057.0
2021-09-25,27.1,7.5,83.7,0,36286.4
2021-09-26,28.4,7.6,78.0,1,35619.0
2021-09-27,28.4,0.0,71.9,0,38284.9
2021-09-28,28.4,3.0,73.0,0,39054.9
2021-09-29,27.7,4.0,79.4,0,37189.1
2021-09-30,29.0,4.1,80.3,0,38987.4
2021-10-01,28.9,1.4,73.3,0,37937.7
2021-10-02,27.3,1.9,76.7,0,36799.5
2021-10-03,29.0,5.0,79.9,1,35214.3
2021-10-04,30.1,2.9,68.3,0,39284.1
2021-10-05,28.6,3.4,82.2,0,38263.5
2021-10-06,28.2,0.1,82.2,0,37524.2
2021-10-07,28.3,2.8,68.2,0,38546.7
2021-10-08,28.9,1.2,74.1,0,39435.3
2021-10-09,27.0,3.2,76.4,0,36048.0
2021-10-10,28.5,0.0,73.4,1,33762.9
2021-10-11,28.1,2.6,75.3,0,38167.4
2021-10-12,29.8,0.0,74.7,0,38566.4
2021-10-13,28.2,2.3,75.9,0,37830.5
2021-10-14,29.7,1.0,70.4,0,39022.7
2021-10-15,27.4,0.5,75.7,0,37309.4
2021-10-16,28.8,0.0,75.4,0,37191.6
2021-10-17,28.6,0.3,70.8,1,34882.0
2021-10-18,27.6,0.0,70.7,0,38650.0
2021-10-19,28.4,0.0,80.4,0,38110.8
2021-10-20,29.2,1.3,72.0,0,37637.1
2021-10-21,28.0,0.0,74.6,0,37112.7
2021-10-22,26.9,2.0,76.7,0,37383.0
2021-10-23,28.2,2.1,77.6,0,36295.1
2021-10-24,27.5,0.0,81.1,1,33443.0
2021-10-25,28.0,0.8,77.3,0,38259.1
2021-10-26,28.2,0.0,70.2,0,38416.9
2021-10-27,26.9,1.4,73.5,0,37058.2
2021-10-28,26.9,0.0,75.4,0,37573.7
2021-10-29,28.6,4.4,76.2,0,38156.1
2021-10-30,27.8,0.0,70.1,0,37296.5
2021-10-31,26.2,0.7,80.7,1,34190.9
2021-11-01,28.8,1.5,71.4,0,36567.2
2021-11-02,28.4,2.4,80.4,0,37879.1
2021-11-03,27.6,1.2,81.8,0,38038.3
2021-11-04,27.1,2.1,76.9,0,37176.6
2021-11-05,28.9,0.7,75.5,0,38347.1
2021-11-06,28.5,0.0,70.6,0,37755.7
2021-11-07,30.1,1.6,74.7,1,35753.2
2021-11-08,28.5,4.0,75.3,0,39047.3
2021-11-09,28.5,0.0,71.0,0,38936.1
2021-11-10,28.1,2.7,75.8,0,37825.7
2021-11-11,28.9,13.5,81.1,0,37785.4
2021-11-12,28.7,1.9,74.2,0,36400.8
2021-11-13,29.2,2.2,77.5,0,37381.7
2021-11-14,27.8,0.0,72.9,1,33822.2
2021-11-15,27.9,0.0,80.4,0,38089.9
2021-11-16,27.8,0.3,71.4,0,38031.8
2021-11-17,28.9,5.7,82.3,0,38692.4
2021-11-18,29.4,0.1,69.9,0,39630.1
2021-11-19,27.9,5.0,78.4,0,37795.0
2021-11-20,27.9,0.6,74.1,0,38575.4
2021-11-21,28.5,0.0,73.2,1,35264.7
2021-11-22,28.1,7.5,82.2,0,36998.6
2021-11-23,29.0,1.9,79.1,0,38159.0
2021-11-24,26.5,6.3,84.9,0,36911.8
2021-11-25,27.6,0.0,74.3,0,38324.9
2021-11-26,27.7,4.3,78.8,0,37207.3
2021-11-27,26.5,0.0,74.9,0,36308.3
2021-11-28,27.6,4.4,75.5,1,34483.4
2021-11-29,27.6,4.6,75.1,0,37528.3
2021-11-30,28.2,3.9,75.9,0,38664.0
2021-12-01,29.3,11.8,81.5,0,38802.4
2021-12-02,28.2,6.2,73.0,0,38838.1
2021-12-03,27.6,21.6,89.5,0,37044.8
2021-12-04,28.4,2.3,80.5,0,38212.5
2021-12-05,29.3,0.0,76.5,1,34772.4
2021-12-06,27.7,1.2,74.5,0,37160.6
2021-12-07,27.7,2.5,72.9,0,37274.3
2021-12-08,28.9,22.9,89.9,0,37944.4
2021-12-09,28.3,4.2,70.3,0,39099.6
2021-12-10,29.0,12.0,84.5,0,38013.0
2021-12-11,28.5,1.9,74.8,0,37318.2
2021-12-12,29.1,1.4,79.7,1,35503.6
2021-12-13,27.7,0.0,70.2,0,38625.1
2021-12-14,28.6,20.8,90.4,0,37633.9
2021-12-15,28.4,14.6,83.6,0,37763.2
2021-12-16,27.7,4.6,77.5,0,37228.1
2021-12-17,27.4,2.3,73.3,0,37705.3
2021-12-18,29.2,3.7,77.3,0,38786.1
2021-12-19,28.4,0.0,76.4,1,35538.4
2021-12-20,27.9,5.5,84.1,0,37777.2
2021-12-21,28.7,11.7,84.6,0,39228.6
2021-12-22,29.7,11.9,78.4,0,38538.6
2021-12-23,27.0,0.0,73.6,0,38978.2
2021-12-24,27.6,8.5,77.0,0,39000.5
2021-12-25,28.1,0.0,79.3,1,35473.6
2021-12-26,30.0,0.0,69.6,1,35409.4
2021-12-27,29.1,7.8,82.9,0,40375.5
2021-12-28,29.5,0.6,74.7,0,39610.3
2021-12-29,28.0,6.2,80.0,0,38251.0
2021-12-30,28.1,5.4,77.5,0,39151.9
2021-12-31,29.3,4.4,77.9,0,39654.4
2022-01-01,29.1,1.8,74.5,1,37554.6
2022-01-02,29.5,0.0,71.7,1,36554.7
2022-01-03,28.9,0.6,76.1,0,40121.6
2022-01-04,29.3,6.8,77.0,0,39138.5
2022-01-05,29.2,4.4,73.6,0,40415.4
2022-01-06,29.8,0.5,74.5,0,40375.9
2022-01-07,29.8,0.4,72.3,0,40622.0
2022-01-08,27.9,2.4,78.2,0,38474.4
2022-01-09,27.4,1.0,75.2,1,35948.5
2022-01-10,30.1,0.3,68.5,0,40055.9
2022-01-11,30.2,1.8,78.0,0,41187.7
2022-01-12,28.5,1.6,79.9,0,40835.7
2022-01-13,27.8,0.0,77.9,0,39274.6
2022-01-14,29.4,1.1,72.4,0,40745.1
2022-01-15,30.1,1.2,71.7,0,40115.9
2022-01-16,30.9,0.4,75.1,1,37939.5
2022-01-17,29.9,0.0,71.1,0,39698.2
2022-01-18,29.2,0.0,71.3,0,39539.1
2022-01-19,28.8,0.0,79.4,0,39713.1
2022-01-20,29.5,1.0,73.2,0,39177.2
2022-01-21,29.3,0.0,78.3,0,41435.7
2022-01-22,28.8,4.6,72.6,0,39458.6
2022-01-23,31.3,3.8,74.1,1,38142.3
2022-01-24,31.1,1.4,77.5,0,39956.3
2022-01-25,30.6,2.8,73.0,0,39933.2
2022-01-26,29.0,2.7,74.5,0,40367.2
2022-01-27,30.4,1.0,68.5,0,42427.1
2022-01-28,30.3,0.4,75.0,0,40666.0
2022-01-29,30.2,0.2,69.6,0,40746.7
2022-01-30,30.8,0.0,70.4,1,37927.7
2022-01-31,30.4,0.0,67.7,0,41275.6
2022-02-01,30.5,4.4,78.8,0,41950.9
2022-02-02,30.4,4.2,77.5,0,40940.3
2022-02-03,30.2,0.7,72.0,0,40760.3
2022-02-04,28.6,3.2,72.8,1,38962.9
2022-02-05,30.1,4.0,79.1,0,40196.7
2022-02-06,29.6,0.0,71.5,1,38505.8
2022-02-07,29.1,8.2,75.4,0,40022.9
2022-02-08,31.5,4.7,67.6,0,42677.1
2022-02-09,31.5,3.8,70.2,0,42023.5
2022-02-10,31.3,5.2,69.1,0,41973.4
2022-02-11,30.4,3.6,71.9,0,41441.9
2022-02-12,31.3,2.1,73.6,0,40635.3
2022-02-13,30.3,3.2,72.5,1,38146.9
2022-02-14,30.5,0.0,72.4,0,41279.2
2022-02-15,29.5,18.1,82.4,0,41093.2
2022-02-16,30.7,2.5,72.8,0,41488.6
2022-02-17,30.4,19.0,89.4,0,39977.4
2022-02-18,29.4,4.0,74.5,0,39893.3
2022-02-19,30.4,1.1,73.2,0,39577.1
2022-02-20,30.4,12.7,74.9,1,38417.3
2022-02-21,32.0,5.8,77.4,0,41463.0
2022-02-22,31.3,28.3,87.1,0,41303.5
2022-02-23,30.6,1.2,75.1,0,41838.2
2022-02-24,30.8,14.3,79.7,0,41372.8
2022-02-25,30.7,15.2,82.7,0,41620.8
2022-02-26,30.5,9.0,79.1,0,40690.7
2022-02-27,29.8,15.7,81.1,1,35986.0
2022-02-28,30.6,3.6,76.7,0,41548.9
2022-03-01,30.2,0.8,70.0,0,41936.1
2022-03-02,29.8,1.8,75.8,0,42526.8
2022-03-03,31.2,4.6,72.0,0,43163.4
2022-03-04,31.1,10.0,77.8,0,40977.7
2022-03-05,29.4,1.0,72.1,0,40242.6
2022-03-06,30.8,2.6,72.7,1,37762.6
2022-03-07,31.7,1.2,67.0,0,43474.9
2022-03-08,31.8,11.7,77.7,0,42831.6
2022-03-09,31.8,23.5,84.7,0,42002.6
2022-03-10,31.0,0.4,69.1,0,42340.5
2022-03-11,30.3,7.8,76.4,0,42555.9
2022-03-12,30.2,12.7,80.4,0,41310.8
2022-03-13,31.3,3.1,70.1,1,39886.0
2022-03-14,31.4,0.0,69.5,0,42776.1
2022-03-15,32.1,13.6,74.6,0,42150.3
2022-03-16,32.0,0.0,76.0,0,43303.7
2022-03-17,31.1,16.6,84.4,0,42304.0
2022-03-18,30.2,0.9,73.1,0,41797.2
2022-03-19,31.0,0.0,74.1,0,41201.9
2022-03-20,31.4,1.6,65.0,1,40040.6
2022-03-21,31.1,3.2,64.8,0,43388.7
2022-03-22,30.8,4.1,72.2,0,41667.4
2022-03-23,31.5,6.5,69.8,0,42237.6
2022-03-24,30.9,4.2,72.6,0,42447.3
2022-03-25,30.8,15.8,81.6,0,42100.9
2022-03-26,31.6,2.4,73.9,0,41394.7
2022-03-27,31.1,3.9,69.6,1,40349.9
2022-03-28,31.6,3.4,73.0,0,42886.3
2022-03-29,31.6,0.0,69.6,0,43104.2
2022-03-30,30.5,0.0,72.2,0,43376.8
2022-03-31,31.1,2.2,70.3,0,42133.3
2022-04-01,32.6,3.5,74.5,0,43074.9
2022-04-02,30.6,0.0,70.8,0,40558.6
2022-04-03,29.8,11.3,85.0,1,38213.1
2022-04-04,30.0,3.3,71.7,0,40951.4
2022-04-05,31.6,1.4,72.8,0,43211.0
2022-04-06,31.6,2.7,71.2,0,42965.4
2022-04-07,31.5,0.1,68.9,0,42560.2
2022-04-08,32.6,1.5,71.1,0,43147.7
2022-04-09,29.5,1.9,73.1,0,41315.9
2022-04-10,31.9,5.0,64.3,1,38863.3
2022-04-11,32.9,0.5,58.8,0,43549.2
2022-04-12,30.7,0.0,74.7,0,42865.1
2022-04-13,31.4,0.0,73.7,1,39248.4
2022-04-14,31.1,0.2,76.2,1,40711.0
2022-04-15,31.0,0.0,70.5,0,41437.6
2022-04-16,31.4,0.0,66.0,0,41774.9
2022-04-17,32.8,0.0,66.5,1,39475.3
2022-04-18,33.2,0.0,67.3,0,44525.3
2022-04-19,31.5,1.5,67.8,0,41961.1
2022-04-20,33.3,0.0,72.1,0,42558.8
2022-04-21,31.8,1.7,77.2,0,42945.7
2022-04-22,33.1,0.5,69.0,0,43296.1
2022-04-23,31.7,0.0,69.4,0,40997.1
2022-04-24,31.9,1.3,66.1,1,40061.4
2022-04-25,32.1,1.0,74.2,0,41727.6
2022-04-26,34.3,2.0,67.1,0,43392.4
2022-04-27,32.5,2.8,69.2,0,42772.8
2022-04-28,31.2,4.7,74.7,0,43003.3
2022-04-29,32.6,2.2,67.8,0,44053.8
2022-04-30,31.5,1.3,71.0,0,42548.2
2022-05-01,31.4,2.7,67.3,1,39331.1
2022-05-02,32.5,0.2,71.6,0,41676.1
2022-05-03,31.8,0.1,69.0,0,43169.9
2022-05-04,32.0,7.1,77.1,0,43716.3
2022-05-05,31.8,0.2,68.8,0,43700.5
2022-05-06,32.1,0.0,68.5,0,43324.5
2022-05-07,32.1,3.6,67.5,0,41254.0
2022-05-08,30.2,0.6,74.3,1,38576.2
2022-05-09,32.3,5.3,69.3,0,44204.4
2022-05-10,31.0,7.9,74.2,0,41294.2
2022-05-11,30.6,0.3,71.2,0,41551.5
2022-05-12,31.7,5.3,73.2,0,43256.5
2022-05-13,31.9,0.7,64.5,0,42570.5
2022-05-14,31.2,1.8,70.6,0,40836.1
2022-05-15,32.4,4.1,73.4,1,40791.0
2022-05-16,30.7,1.0,70.5,0,42558.9
2022-05-17,31.4,4.0,71.7,0,42255.7
2022-05-18,31.3,2.5,72.2,0,41730.6
2022-05-19,31.7,8.2,74.3,0,43802.0
2022-05-20,32.0,8.4,71.4,0,42557.3
2022-05-21,30.9,1.4,71.4,0,42319.1
2022-05-22,32.3,5.4,75.0,1,40202.5
2022-05-23,31.8,10.5,73.0,0,42035.7
2022-05-24,30.2,0.3,70.7,0,41632.9
2022-05-25,30.1,3.1,69.7,0,42764.0
2022-05-26,31.7,5.6,76.0,0,43417.2
2022-05-27,31.5,0.2,69.6,0,41338.2
2022-05-28,31.6,2.2,68.5,0,41974.5
2022-05-29,31.6,19.5,82.5,1,38642.2
2022-05-30,31.8,1.7,66.7,0,41951.8
2022-05-31,32.4,2.1,66.7,0,43036.8
2022-06-01,30.7,7.9,71.6,0,40977.4
2022-06-02,30.7,0.1,67.8,0,41780.7
2022-06-03,30.7,3.7,77.4,0,41448.6
2022-06-04,31.8,0.9,67.6,0,41349.7
2022-06-05,32.6,5.7,73.3,1,39504.1
2022-06-06,31.2,4.8,70.8,0,41455.3
2022-06-07,29.5,6.4,79.1,0,42266.3
2022-06-08,30.2,2.4,70.3,0,41984.3
2022-06-09,30.8,2.7,72.6,0,43132.6
2022-06-10,31.0,1.9,71.8,0,41970.1
2022-06-11,31.1,3.4,79.5,0,40796.1
2022-06-12,31.5,16.6,82.5,1,39681.7
2022-06-13,31.2,10.2,75.1,0,41426.8
2022-06-14,32.3,3.3,72.8,0,42426.1
2022-06-15,30.9,2.1,78.5,0,42363.0
2022-06-16,30.7,8.8,71.8,0,40756.0
2022-06-17,31.7,4.5,69.8,0,42660.6
2022-06-18,30.1,0.1,71.2,0,41031.7
2022-06-19,31.6,2.4,69.8,1,39808.3
2022-06-20,31.4,12.8,77.3,0,42256.5
2022-06-21,31.2,5.9,70.2,0,42641.1
2022-06-22,32.5,1.6,73.5,0,42511.8
2022-06-23,30.7,0.0,66.6,0,41200.5
2022-06-24,32.9,3.8,69.6,0,43998.6
2022-06-25,31.0,2.8,75.4,0,39864.1
2022-06-26,30.1,2.0,73.0,1,37222.5
2022-06-27,31.2,6.2,71.3,0,42053.8
2022-06-28,30.2,4.5,70.5,0,42332.0
2022-06-29,30.5,0.0,70.6,0,41649.8
2022-06-30,31.4,2.1,69.0,0,42511.6
2022-07-01,31.5,0.0,70.4,0,40667.3
2022-07-02,30.5,0.5,67.4,0,40236.4
2022-07-03,31.8,0.0,71.8,1,37647.1
2022-07-04,31.9,0.0,69.5,0,42604.8
2022-07-05,32.1,2.5,71.0,0,41079.6
2022-07-06,31.3,2.0,75.6,0,40889.7
2022-07-07,32.0,1.1,68.4,0,42373.2
2022-07-08,29.3,0.0,70.8,0,41486.7
2022-07-09,30.6,0.0,69.5,0,40359.2
2022-07-10,30.1,0.0,71.3,1,38287.4
2022-07-11,30.9,1.4,71.3,0,41762.8
2022-07-12,30.3,1.2,69.9,0,40978.6
2022-07-13,30.6,4.6,68.1,0,40409.5
2022-07-14,32.2,3.8,69.5,0,42268.8
2022-07-15,30.5,0.5,72.6,0,41590.9
2022-07-16,31.0,0.0,71.0,0,41080.9
2022-07-17,30.4,0.0,75.0,1,38119.2
2022-07-18,30.6,0.0,76.9,0,40439.6
2022-07-19,30.5,0.0,73.5,0,41585.4
2022-07-20,30.9,0.9,75.4,0,41238.5
2022-07-21,31.4,1.7,73.3,0,41138.4
2022-07-22,31.8,0.0,74.5,0,41468.1
2022-07-23,30.7,8.8,82.2,0,39455.0
2022-07-24,30.9,0.0,73.6,1,38559.3
2022-07-25,29.4,0.0,75.0,0,39555.4
2022-07-26,30.3,9.3,77.0,0,39879.4
2022-07-27,31.0,0.0,70.3,0,40994.4
2022-07-28,31.0,0.1,69.6,0,42187.7
2022-07-29,30.4,0.0,73.3,0,41541.4
2022-07-30,30.9,1.6,69.5,0,39056.1
2022-07-31,30.6,0.2,70.7,1,38563.3
2022-08-01,31.1,2.7,65.0,0,41910.7
2022-08-02,30.3,3.7,79.0,0,39850.1
2022-08-03,29.8,0.0,71.6,0,38819.4
2022-08-04,30.3,0.0,72.9,0,40641.1
2022-08-05,27.7,3.8,82.3,0,39994.9
2022-08-06,30.3,5.6,76.1,0,40571.9
2022-08-07,27.0,2.1,82.2,1,35210.4
2022-08-08,28.5,3.2,72.6,0,40780.2
2022-08-09,30.3,9.0,84.6,0,38792.2
2022-08-10,30.2,1.0,75.5,0,40256.0
2022-08-11,28.9,2.7,76.0,0,39499.4
2022-08-12,29.2,8.4,82.9,0,40456.3
2022-08-13,30.9,9.3,73.2,0,40385.4
2022-08-14,29.4,2.2,73.5,1,37365.8
2022-08-15,31.5,0.3,74.3,0,40144.7
2022-08-16,29.7,2.3,68.4,0,40616.1
2022-08-17,30.0,2.8,75.6,0,40492.8
2022-08-18,30.9,0.4,72.5,0,39591.2
2022-08-19,29.7,0.8,78.9,0,38716.6
2022-08-20,28.8,11.8,76.8,0,38979.6
2022-08-21,29.4,5.9,81.5,1,36403.1
2022-08-22,29.5,2.2,72.6,0,39010.1
2022-08-23,28.4,0.1,73.1,0,39243.6
2022-08-24,29.2,1.0,70.2,0,39974.4
2022-08-25,28.8,0.0,70.5,0,39501.6
2022-08-26,30.1,4.9,76.2,0,38984.6
2022-08-27,29.4,1.0,70.2,0,40081.2
2022-08-28,29.1,5.5,79.2,1,36897.5
2022-08-29,29.2,8.7,76.8,0,39152.5
2022-08-30,29.4,5.7,72.9,0,39377.9
2022-08-31,29.7,2.2,72.3,0,40047.9
2022-09-01,28.4,0.7,75.8,0,38482.4
2022-09-02,28.4,0.0,73.6,0,39405.2
2022-09-03,30.0,13.2,80.6,0,37762.4
2022-09-04,28.8,5.6,79.5,1,35937.5
2022-09-05,28.0,2.5,79.9,0,38119.1
2022-09-06,29.4,7.8,77.0,0,38651.6
2022-09-07,29.4,11.3,77.1,0,40306.3
2022-09-08,27.8,1.1,76.3,0,38837.0
2022-09-09,29.2,5.3,78.1,0,39438.4
2022-09-10,29.6,5.3,71.7,0,37262.0
2022-09-11,29.2,15.2,80.3,1,35372.7
2022-09-12,29.4,2.2,72.2,0,39786.6
2022-09-13,27.8,0.5,75.0,0,38866.6
2022-09-14,29.1,5.5,74.6,0,37806.3
2022-09-15,28.6,7.6,81.1,0,39001.5
2022-09-16,28.4,4.2,72.3,0,39130.4
2022-09-17,29.5,14.4,77.4,0,38965.2
2022-09-18,30.0,1.9,72.3,1,36056.1
2022-09-19,30.2,4.0,73.8,0,38249.3
2022-09-20,29.8,0.0,68.0,0,38991.9
2022-09-21,28.6,0.1,72.3,0,38354.6
2022-09-22,29.0,0.6,72.7,0,39685.7
2022-09-23,29.3,2.0,73.2,0,37532.7
2022-09-24,28.7,0.0,74.3,0,37908.2
2022-09-25,28.7,5.0,75.2,1,36636.3
2022-09-26,29.3,0.2,77.7,0,39328.9
2022-09-27,28.5,16.8,86.6,0,38970.0
2022-09-28,28.0,0.2,72.7,0,37626.6
2022-09-29,28.2,2.2,76.4,0,37686.7
2022-09-30,29.0,1.6,74.9,0,40066.6
2022-10-01,28.5,0.0,77.9,0,38097.1
2022-10-02,28.8,1.0,72.7,1,35876.0
2022-10-03,29.0,0.9,76.4,0,38398.4
2022-10-04,28.2,4.3,77.7,0,38655.2
2022-10-05,29.1,2.3,79.4,0,38337.5
2022-10-06,28.7,2.7,79.5,0,39681.5
2022-10-07,27.4,3.6,78.8,0,40020.4
2022-10-08,29.6,2.4,73.5,0,38718.1
2022-10-09,28.0,1.3,77.4,1,34971.6
2022-10-10,27.1,0.0,75.9,0,36530.2
2022-10-11,27.5,1.0,81.4,0,37271.4
2022-10-12,27.5,0.0,75.9,0,39411.5
2022-10-13,28.4,0.3,73.4,0,38123.5
2022-10-14,28.1,0.1,73.5,0,38426.6
2022-10-15,28.0,0.1,71.4,0,38159.7
2022-10-16,28.8,0.0,75.5,1,36762.3
2022-10-17,28.6,0.0,71.7,0,38755.1
2022-10-18,28.5,2.9,79.4,0,38504.4
2022-10-19,28.6,0.4,70.5,0,38931.5
2022-10-20,28.8,2.6,76.0,0,38474.4
2022-10-21,26.6,0.0,80.6,0,37551.9
2022-10-22,28.0,0.0,68.6,0,37958.7
2022-10-23,26.5,7.9,88.5,1,34533.7
2022-10-24,28.3,0.0,73.3,0,40125.3
2022-10-25,28.2,1.6,76.1,0,38951.8
2022-10-26,29.1,1.7,76.2,0,39814.3
2022-10-27,29.2,1.5,76.4,0,38430.8
2022-10-28,28.4,1.9,76.5,0,39075.2
2022-10-29,27.8,0.0,78.3,0,37162.1
2022-10-30,28.6,0.1,75.7,1,35965.4
2022-10-31,27.8,5.9,84.4,0,38766.5
2022-11-01,28.2,2.5,77.9,0,38676.6
2022-11-02,29.0,0.0,79.4,0,40677.4
2022-11-03,27.8,0.0,78.1,0,39451.9
2022-11-04,28.8,5.4,71.8,0,39628.4
2022-11-05,28.7,0.0,81.7,0,38604.6
2022-11-06,27.4,0.0,74.1,1,36332.6
2022-11-07,29.0,0.0,78.0,0,38199.9
2022-11-08,28.8,4.6,76.9,0,39765.0
2022-11-09,28.3,6.2,81.8,0,37950.9
2022-11-10,27.6,1.3,74.4,0,38078.4
2022-11-11,27.5,6.9,82.1,0,38585.7
2022-11-12,27.8,3.6,76.9,0,38370.9
2022-11-13,28.7,0.0,78.8,1,35069.9
2022-11-14,27.5,10.6,84.0,0,37752.7
2022-11-15,28.6,0.0,76.9,0,39064.7
2022-11-16,27.2,2.1,71.0,0,38173.0
2022-11-17,28.1,2.0,75.9,0,39265.0
2022-11-18,28.3,1.5,76.7,0,41094.1
2022-11-19,30.2,0.0,72.4,0,39195.6
2022-11-20,27.2,19.6,91.9,1,34007.0
2022-11-21,29.4,0.0,71.7,0,38635.5
2022-11-22,28.4,14.1,83.7,0,38280.9
2022-11-23,28.6,0.4,77.9,0,38475.9
2022-11-24,28.4,1.3,68.4,0,39266.0
2022-11-25,28.7,13.7,84.7,0,38963.0
2022-11-26,28.2,6.3,77.8,0,37513.8
2022-11-27,29.5,0.0,70.0,1,37661.6
2022-11-28,28.0,0.0,76.0,0,38378.3
2022-11-29,29.3,5.6,80.4,0,39212.9
2022-11-30,27.8,0.1,78.4,0,39233.7
2022-12-01,28.3,7.0,78.7,0,39401.2
2022-12-02,27.5,7.8,83.4,0,39255.5
2022-12-03,28.8,0.9,77.0,0,38654.8
2022-12-04,29.6,1.7,73.5,1,37133.9
2022-12-05,28.4,5.9,76.2,0,38506.3
2022-12-06,28.3,0.8,73.1,0,39693.2
2022-12-07,27.6,4.3,81.0,0,39230.2
2022-12-08,28.3,28.8,93.2,0,39131.8
2022-12-09,27.2,6.1,77.0,0,37359.1
2022-12-10,27.8,2.1,71.6,0,37379.7
2022-12-11,28.7,24.3,92.2,1,35889.1
2022-12-12,29.6,9.1,76.9,0,37808.2
2022-12-13,30.8,0.1,71.8,0,40764.8
2022-12-14,28.1,0.5,78.8,0,39843.9
2022-12-15,29.8,0.0,68.4,0,39599.8
2022-12-16,28.8,5.1,76.9,0,39087.2
2022-12-17,28.5,22.0,88.0,0,37052.3
2022-12-18,29.0,2.1,76.0,1,36059.0
2022-12-19,28.7,8.4,83.0,0,38945.4
2022-12-20,28.8,1.6,70.9,0,39103.6
2022-12-21,28.4,4.3,78.9,0,38806.1
2022-12-22,27.6,2.2,80.1,0,38830.4
2022-12-23,27.5,2.8,77.0,0,38775.0
2022-12-24,29.3,9.4,78.7,0,39922.0
2022-12-25,28.6,13.3,84.0,1,35683.1
2022-12-26,28.4,12.0,83.3,0,39318.2
2022-12-27,28.9,30.9,95.5,0,38318.8
2022-12-28,29.5,0.2,74.5,0,39720.3
2022-12-29,29.1,3.4,72.6,0,38680.5
2022-12-30,28.4,0.1,77.4,0,38591.2
2022-12-31,30.0,6.7,79.9,0,38453.6
2023-01-01,30.3,0.0,72.2,1,38187.5
2023-01-02,29.4,6.3,72.5,0,41362.7
2023-01-03,29.8,1.8,73.1,0,39875.8
2023-01-04,30.1,1.0,73.1,0,40847.2
2023-01-05,30.0,1.1,69.3,0,40300.5
2023-01-06,29.6,0.0,71.5,0,40892.5
2023-01-07,29.6,0.0,68.3,0,40891.5
2023-01-08,29.6,1.3,75.2,1,37560.8
2023-01-09,28.3,1.2,75.7,0,40438.0
2023-01-10,29.8,0.0,67.3,0,42180.8
2023-01-11,28.2,0.1,75.8,0,40774.2
2023-01-12,28.7,1.5,74.8,0,40182.6
2023-01-13,30.4,0.0,73.0,0,41674.5
2023-01-14,30.0,0.0,70.8,0,39990.6
2023-01-15,30.6,4.5,71.6,1,38629.1
2023-01-16,29.2,0.9,71.5,0,41376.5
2023-01-17,28.5,0.0,72.6,0,39881.1
2023-01-18,29.3,0.0,73.1,0,41269.4
2023-01-19,29.6,0.0,73.1,0,41246.4
2023-01-20,29.6,3.1,74.0,0,41596.4
2023-01-21,30.5,0.0,70.0,0,41431.1
2023-01-22,29.3,1.1,72.7,1,38323.9
2023-01-23,29.9,1.2,80.4,0,41324.8
2023-01-24,28.9,2.2,72.8,0,41614.8
2023-01-25,30.1,0.0,70.2,0,41104.9
2023-01-26,29.7,4.6,85.3,0,40516.7
2023-01-27,29.2,2.6,76.2,0,39115.9
2023-01-28,29.6,0.0,68.5,0,40571.5
2023-01-29,29.7,0.0,75.0,1,37839.0
2023-01-30,29.6,0.6,70.2,0,41814.9
2023-01-31,31.3,0.1,72.8,0,41112.3
2023-02-01,29.8,0.0,71.6,0,41293.2
2023-02-02,29.7,1.3,71.9,0,41953.7
2023-02-03,28.3,0.6,79.8,0,40327.0
2023-02-04,29.3,8.9,80.5,1,38270.7
2023-02-05,29.8,0.4,75.4,1,38217.9
2023-02-06,29.5,0.0,74.0,0,41645.4
2023-02-07,31.2,1.7,70.0,0,42822.7
2023-02-08,30.0,2.7,75.6,0,42461.9
2023-02-09,31.2,3.2,75.9,0,42479.7
2023-02-10,30.2,3.3,74.2,0,41449.8
2023-02-11,30.2,2.3,78.6,0,40840.3
2023-02-12,30.2,2.2,75.7,1,39243.1
2023-02-13,30.3,5.3,75.6,0,41327.7
2023-02-14,31.7,0.0,70.2,0,42753.3
2023-02-15,28.5,0.4,75.0,0,41086.7
2023-02-16,28.8,0.0,70.1,0,41441.2
2023-02-17,30.0,0.0,71.8,0,41444.5
2023-02-18,30.4,9.4,78.1,0,39916.2
2023-02-19,31.0,6.2,73.3,1,39563.7
2023-02-20,30.9,18.0,83.4,0,42587.4
2023-02-21,30.2,14.9,81.4,0,40610.0
2023-02-22,31.4,6.8,76.7,0,42870.1
2023-02-23,31.4,4.3,74.7,0,43457.6
2023-02-24,30.8,3.7,73.8,0,42867.2
2023-02-25,31.4,0.0,65.8,0,41769.8
2023-02-26,30.9,3.3,78.2,1,38777.9
2023-02-27,30.2,1.4,72.1,0,42421.4
2023-02-28,31.3,0.4,70.1,0,43077.7
2023-03-01,30.8,6.3,73.8,0,42578.3
2023-03-02,30.8,2.9,71.3,0,42505.8
2023-03-03,32.0,4.4,76.5,0,42461.5
2023-03-04,28.9,0.1,77.9,0,41211.3
2023-03-05,29.7,9.8,80.1,1,39029.0
2023-03-06,29.9,1.9,73.0,0,42448.6
2023-03-07,30.6,6.0,76.8,0,42589.9
2023-03-08,30.7,2.2,72.5,0,43813.4
2023-03-09,29.8,0.0,71.8,0,41938.7
2023-03-10,30.2,6.6,77.0,0,43175.1
2023-03-11,30.3,3.1,72.2,0,41159.8
2023-03-12,33.0,0.0,68.2,1,41467.3
2023-03-13,32.5,0.0,68.8,0,44522.0
2023-03-14,30.8,9.4,78.8,0,42374.6
2023-03-15,30.8,0.0,68.9,0,44018.4
2023-03-16,30.2,1.5,74.8,0,42912.8
2023-03-17,29.6,20.1,82.9,0,41120.1
2023-03-18,31.1,5.9,72.5,0,41755.8
2023-03-19,30.4,7.4,74.6,1,40067.9
2023-03-20,31.2,1.9,68.3,0,43694.5
2023-03-21,30.0,0.0,75.1,0,41914.8
2023-03-22,30.7,3.7,70.5,0,42726.0
2023-03-23,31.4,0.0,67.8,0,43448.7
2023-03-24,31.6,0.0,73.3,0,43090.4
2023-03-25,31.7,2.8,69.6,0,43995.3
2023-03-26,30.3,0.0,71.0,1,39763.8
2023-03-27,32.1,2.1,67.2,0,43552.4
2023-03-28,30.8,0.3,73.5,0,43813.9
2023-03-29,31.9,1.8,72.8,0,43318.2
2023-03-30,31.4,0.5,72.4,0,44025.8
2023-03-31,30.4,1.6,74.1,0,41739.1
2023-04-01,31.2,8.4,75.8,0,41815.3
2023-04-02,31.8,4.3,70.5,1,40912.1
2023-04-03,32.0,1.0,67.2,0,44676.0
2023-04-04,31.4,6.1,77.7,0,42697.3
2023-04-05,32.8,2.2,71.6,0,43414.0
2023-04-06,32.4,5.1,69.7,0,44071.7
2023-04-07,31.4,0.0,70.1,0,43005.2
2023-04-08,32.2,0.0,67.8,0,42734.4
2023-04-09,33.2,1.2,64.7,1,41602.9
2023-04-10,33.2,0.4,68.0,0,43930.0
2023-04-11,30.6,0.5,70.1,0,41785.6
2023-04-12,30.9,1.8,68.9,0,42299.7
2023-04-13,32.8,0.9,63.9,1,41818.8
2023-04-14,30.8,2.5,67.7,1,39577.4
2023-04-15,30.6,2.3,71.4,0,41908.4
2023-04-16,31.3,0.0,69.8,1,39305.0
2023-04-17,32.0,0.0,66.3,0,44830.6
2023-04-18,31.6,0.0,71.5,0,44977.5
2023-04-19,31.2,0.0,70.0,0,42677.3
2023-04-20,31.2,0.3,72.2,0,43515.9
2023-04-21,31.2,0.3,69.9,0,42715.0
2023-04-22,31.0,0.0,68.1,0,42189.1
2023-04-23,33.6,1.1,67.7,1,42439.8
2023-04-24,32.0,9.1,71.1,0,43125.3
2023-04-25,32.5,0.0,69.9,0,43789.8
2023-04-26,31.4,0.9,67.7,0,42805.4
2023-04-27,31.6,0.4,72.6,0,44295.9
2023-04-28,31.2,0.0,69.2,0,41241.8
2023-04-29,29.7,1.9,76.9,0,41362.9
2023-04-30,30.7,0.1,67.7,1,39871.0
2023-05-01,30.3,0.0,69.5,1,40208.1
2023-05-02,30.0,0.0,73.1,0,43327.9
2023-05-03,30.8,3.7,76.7,0,43818.9
2023-05-04,32.9,2.6,74.4,0,43124.9
2023-05-05,31.8,0.1,69.5,0,44959.5
2023-05-06,32.8,2.5,74.9,0,42198.1
2023-05-07,32.1,1.3,68.8,1,41358.6
2023-05-08,32.4,2.2,73.1,0,43921.8
2023-05-09,31.1,0.1,67.6,0,42918.3
2023-05-10,32.2,0.0,69.9,0,43523.3
2023-05-11,32.4,1.0,62.0,0,43804.5
2023-05-12,31.3,0.0,66.6,0,43485.6
2023-05-13,32.2,0.0,70.0,0,42279.1
2023-05-14,32.2,0.0,64.7,1,40417.8
2023-05-15,31.3,0.8,71.8,0,42801.5
2023-05-16,30.9,8.5,78.9,0,42013.6
2023-05-17,30.8,6.8,73.7,0,42296.5
2023-05-18,31.8,13.6,75.2,0,42317.0
2023-05-19,32.0,0.0,67.5,0,43346.9
2023-05-20,31.1,6.2,71.5,0,42340.9
2023-05-21,31.8,2.4,70.6,1,40272.6
2023-05-22,32.2,0.6,69.4,0,44935.1
2023-05-23,32.2,9.3,73.8,0,41910.9
2023-05-24,33.0,2.7,74.3,0,44229.6
2023-05-25,32.7,0.0,65.7,0,43900.2
2023-05-26,30.9,8.5,80.4,0,43235.4
2023-05-27,33.0,5.4,67.8,0,43394.9
2023-05-28,31.3,4.1,73.0,1,39699.8
2023-05-29,32.5,0.0,71.8,0,43848.9
2023-05-30,31.7,4.8,76.0,0,42689.4
2023-05-31,31.3,15.6,78.9,0,42993.2
2023-06-01,30.2,5.6,77.0,0,41167.0
2023-06-02,31.5,0.0,71.0,0,43695.7
2023-06-03,30.4,6.1,73.8,0,41507.5
2023-06-04,32.4,5.7,74.0,1,39869.4
2023-06-05,32.8,8.5,79.0,0,43324.6
2023-06-06,30.9,5.5,75.6,0,42567.3
2023-06-07,31.8,0.3,71.2,0,44096.1
2023-06-08,30.9,4.0,75.2,0,44806.6
2023-06-09,31.0,2.4,67.7,0,43566.4
2023-06-10,32.1,4.6,73.2,0,41945.6
2023-06-11,31.4,10.8,73.8,1,39866.4
2023-06-12,32.8,1.0,66.6,0,44097.4
2023-06-13,31.0,19.1,89.3,0,41544.4
2023-06-14,32.2,5.6,71.5,0,42342.1
2023-06-15,31.5,8.5,73.1,0,42646.1
2023-06-16,32.0,7.2,77.1,0,43497.7
2023-06-17,31.0,5.0,70.9,0,40598.6
2023-06-18,31.3,5.9,72.6,1,38969.0
2023-06-19,31.2,4.0,76.5,0,43025.2
2023-06-20,30.6,5.3,74.6,0,42329.1
2023-06-21,31.8,0.0,64.6,0,43953.9
2023-06-22,31.8,4.9,74.2,0,41910.7
2023-06-23,31.7,4.3,71.1,0,44325.6
2023-06-24,32.4,6.4,77.1,0,41157.6
2023-06-25,32.3,6.4,70.8,1,38474.4
2023-06-26,30.9,9.4,80.0,0,42117.9
2023-06-27,31.4,4.1,77.9,0,41859.9
2023-06-28,30.6,10.2,75.2,0,41943.7
2023-06-29,31.1,0.6,70.2,0,42473.6
2023-06-30,30.6,9.7,78.6,0,41805.8
2023-07-01,32.3,0.9,66.5,0,41614.8
2023-07-02,31.3,2.8,72.7,1,39562.8
2023-07-03,30.8,4.7,73.1,0,41952.6
2023-07-04,31.9,2.3,69.9,0,43467.3
2023-07-05,29.2,9.9,79.8,0,41043.7
2023-07-06,29.3,1.2,74.1,0,40862.8
2023-07-07,31.5,2.6,71.9,0,41390.3
2023-07-08,30.9,1.4,69.8,0,41201.8
2023-07-09,31.0,5.1,72.1,1,38098.5
2023-07-10,29.7,0.0,72.0,0,40783.5
2023-07-11,30.7,8.0,75.9,0,42191.1
2023-07-12,32.3,0.0,67.2,0,41715.0
2023-07-13,31.4,5.7,74.6,0,43101.2
2023-07-14,30.8,0.0,65.3,0,42200.3
2023-07-15,30.3,1.7,70.5,0,40839.8
2023-07-16,30.3,0.3,70.9,1,37925.6
2023-07-17,28.9,2.2,72.5,0,41526.6
2023-07-18,30.8,1.1,76.4,0,41949.7
2023-07-19,31.2,2.0,71.5,0,41663.4
2023-07-20,29.2,0.0,73.7,0,41343.5
2023-07-21,29.9,0.0,70.6,0,40435.1
2023-07-22,29.5,0.0,72.7,0,39339.6
2023-07-23,29.6,0.0,68.9,1,37412.3
2023-07-24,30.4,0.0,70.8,0,41922.8
2023-07-25,28.7,0.0,71.2,0,40836.6
2023-07-26,30.8,0.0,69.9,0,42520.8
2023-07-27,30.9,0.5,63.3,0,41242.2
2023-07-28,30.1,0.0,68.5,0,41808.0
2023-07-29,28.3,0.0,79.0,0,39568.2
2023-07-30,29.4,0.3,75.5,1,37254.2
2023-07-31,31.2,3.7,76.6,0,42018.5
2023-08-01,27.9,0.0,79.3,0,40276.3
2023-08-02,29.8,0.8,74.8,0,40781.4
2023-08-03,29.1,1.2,72.7,0,40846.0
2023-08-04,30.7,0.0,67.8,0,41503.8
2023-08-05,29.5,0.4,76.5,0,39968.8
2023-08-06,30.3,4.6,74.7,1,37733.9
2023-08-07,30.4,4.4,81.7,0,40386.3
2023-08-08,31.4,0.0,68.8,0,41890.3
2023-08-09,29.7,1.4,79.2,0,40451.6
2023-08-10,30.2,4.0,73.9,0,40406.9
2023-08-11,28.6,3.0,80.0,0,40199.7
2023-08-12,30.8,3.6,78.3,0,40904.0
2023-08-13,29.2,0.0,70.2,1,37590.0
2023-08-14,29.3,12.2,79.6,0,39937.9
2023-08-15,29.7,0.6,69.7,0,40493.1
2023-08-16,28.4,0.5,71.0,0,40652.0
2023-08-17,29.8,0.0,74.3,0,39354.1
2023-08-18,30.4,2.1,72.2,0,41607.8
2023-08-19,29.8,9.8,78.8,0,38409.8
2023-08-20,28.3,4.3,79.1,1,35841.3
2023-08-21,29.4,2.6,69.0,0,40216.3
2023-08-22,30.1,7.5,80.6,0,42092.0
2023-08-23,28.0,10.6,80.9,0,40624.3
2023-08-24,28.6,8.4,81.2,0,40345.4
2023-08-25,30.1,0.0,73.7,0,41128.8
2023-08-26,29.6,8.2,82.0,0,38235.7
2023-08-27,29.7,6.1,76.1,1,37343.0
2023-08-28,30.8,0.6,64.8,0,40801.2
2023-08-29,29.7,6.3,76.8,0,39863.0
2023-08-30,29.8,12.1,80.8,0,40335.6
2023-08-31,31.4,1.4,67.7,0,41061.5
2023-09-01,29.0,10.0,80.4,0,40478.6
2023-09-02,28.5,5.6,76.7,0,37654.7
2023-09-03,29.5,3.7,71.1,1,37171.0
2023-09-04,29.5,5.4,78.3,0,39666.9
2023-09-05,28.7,2.4,73.8,0,39676.7
2023-09-06,28.2,5.8,77.2,0,39798.4
2023-09-07,30.9,3.1,71.3,0,40225.4
2023-09-08,29.3,26.9,94.2,0,39438.3
2023-09-09,28.4,2.1,75.6,0,38728.5
2023-09-10,29.7,0.7,73.1,1,36790.6
2023-09-11,28.9,9.1,78.3,0,39399.9
2023-09-12,28.7,2.4,76.9,0,39759.8
2023-09-13,29.3,3.1,79.0,0,39625.6
2023-09-14,27.8,2.7,78.9,0,39408.0
2023-09-15,29.1,8.1,80.6,0,39640.3
2023-09-16,30.4,0.0,73.3,0,39382.0
2023-09-17,29.2,8.6,74.7,1,37634.2
2023-09-18,28.5,5.9,75.5,0,39819.2
2023-09-19,28.3,16.7,84.7,0,38849.0
2023-09-20,28.4,3.7,74.6,0,39662.4
2023-09-21,28.5,0.0,71.0,0,39068.7
2023-09-22,28.4,3.5,71.1,0,39261.9
2023-09-23,29.4,3.9,71.4,0,38899.7
2023-09-24,27.3,9.2,81.3,1,34773.7
2023-09-25,29.3,0.0,72.8,0,40336.7
2023-09-26,28.3,0.0,72.2,0,39260.8
2023-09-27,28.9,2.8,75.7,0,39531.6
2023-09-28,27.7,12.7,82.5,0,38452.5
2023-09-29,29.6,4.4,78.7,0,41960.7
2023-09-30,29.5,4.5,75.1,0,38656.0
2023-10-01,29.3,0.0,75.2,1,35474.0
2023-10-02,27.3,1.6,77.7,0,37958.0
2023-10-03,29.1,6.3,73.2,0,40211.8
2023-10-04,28.8,2.2,75.0,0,40554.1
2023-10-05,27.2,0.0,72.5,0,38532.6
2023-10-06,28.4,1.1,74.8,0,40363.3
2023-10-07,28.7,2.6,73.4,0,39199.1
2023-10-08,28.8,2.9,76.8,1,36343.4
2023-10-09,28.5,4.2,72.9,0,39294.0
2023-10-10,28.6,1.5,75.1,0,39709.8
2023-10-11,29.5,1.6,75.5,0,40601.2
2023-10-12,29.3,0.0,75.7,0,40242.0
2023-10-13,26.0,1.4,76.5,0,37915.9
2023-10-14,28.1,0.4,75.2,0,38345.9
2023-10-15,28.2,0.0,75.3,1,37512.5
2023-10-16,26.9,6.5,85.5,0,38744.9
2023-10-17,28.4,0.0,70.0,0,40075.5
2023-10-18,29.3,0.4,70.6,0,40283.6
2023-10-19,27.4,0.3,84.5,0,39213.6
2023-10-20,28.5,0.6,73.8,0,39636.7
2023-10-21,27.5,5.8,73.8,0,38582.6
2023-10-22,27.7,1.5,74.7,1,36407.4
2023-10-23,29.4,0.0,64.6,0,40186.9
2023-10-24,27.8,4.4,78.9,0,38632.8
2023-10-25,28.6,2.1,77.9,0,39797.4
2023-10-26,26.7,0.0,74.2,0,38681.2
2023-10-27,29.7,4.1,73.7,0,39812.9
2023-10-28,28.7,0.0,76.7,0,40515.9
2023-10-29,28.1,0.0,69.6,1,35173.7
2023-10-30,28.7,0.0,70.0,0,40289.7
2023-10-31,27.1,0.0,75.7,0,38345.7
2023-11-01,29.2,4.9,74.2,0,39818.1
2023-11-02,27.9,1.5,75.2,0,40946.6
2023-11-03,28.0,0.0,71.2,0,38754.0
2023-11-04,27.8,1.1,76.7,0,37863.8
2023-11-05,27.7,4.6,77.9,1,35872.7
2023-11-06,28.8,0.0,75.5,0,39189.6
2023-11-07,28.4,0.7,75.5,0,40127.2
2023-11-08,28.7,13.2,83.1,0,38928.5
2023-11-09,28.2,1.1,71.1,0,39876.8
2023-11-10,28.6,0.0,75.6,0,38836.1
2023-11-11,27.9,0.6,74.6,0,37256.9
2023-11-12,30.0,0.0,71.5,1,37028.7
2023-11-13,27.0,5.4,83.2,0,37722.1
2023-11-14,29.2,0.0,71.0,0,41012.8
2023-11-15,29.3,0.0,77.1,0,39084.2
2023-11-16,27.6,19.3,92.6,0,37887.3
2023-11-17,30.0,0.0,74.2,0,40702.5
2023-11-18,29.0,0.0,70.5,0,38691.7
2023-11-19,29.0,0.0,66.9,1,35790.1
2023-11-20,28.3,8.8,83.6,0,40645.9
2023-11-21,28.1,6.1,79.2,0,38685.3
2023-11-22,28.1,1.2,73.4,0,39397.7
2023-11-23,28.6,1.0,78.3,0,39643.2
2023-11-24,29.4,6.0,74.2,0,40470.5
2023-11-25,28.5,4.8,76.2,0,39000.1
2023-11-26,27.6,2.8,79.0,1,35528.4
2023-11-27,29.0,7.1,74.8,0,39587.9
2023-11-28,29.1,0.0,73.1,0,39957.8
2023-11-29,28.9,0.5,77.3,0,40490.3
2023-11-30,29.0,7.8,79.3,0,39044.2
2023-12-01,28.2,5.7,82.2,0,40819.0
2023-12-02,27.6,4.1,81.6,0,37939.1
2023-12-03,27.7,25.0,91.7,1,35437.0
2023-12-04,27.1,9.3,75.4,0,38165.5
2023-12-05,28.6,1.7,71.8,0,39085.5
2023-12-06,28.4,0.8,77.2,0,39290.6
2023-12-07,28.1,6.0,74.1,0,38931.0
2023-12-08,26.1,13.1,85.3,0,38103.4
2023-12-09,27.5,5.5,80.3,0,37783.2
2023-12-10,29.4,2.2,78.7,1,37618.1
2023-12-11,28.0,4.8,76.4,0,39108.0
2023-12-12,28.8,0.0,71.8,0,39621.9
2023-12-13,27.5,12.4,83.7,0,38868.3
2023-12-14,29.7,15.3,83.4,0,40779.3
2023-12-15,28.5,7.6,78.7,0,39961.4
2023-12-16,28.9,17.4,88.2,0,38708.0
2023-12-17,30.5,1.7,69.9,1,36899.6
2023-12-18,29.9,4.5,75.4,0,39909.1
2023-12-19,28.4,7.0,80.2,0,39060.4
2023-12-20,28.2,4.8,76.6,0,40736.5
2023-12-21,28.5,1.8,78.0,0,40467.3
2023-12-22,29.2,2.1,75.1,0,39902.8
2023-12-23,28.7,11.2,83.6,0,38672.8
2023-12-24,28.5,2.4,76.4,1,36428.5
2023-12-25,30.0,8.5,78.6,1,37823.4
2023-12-26,28.8,2.0,73.3,0,40648.1
2023-12-27,30.7,7.7,74.1,0,40918.5
2023-12-28,29.0,2.3,78.7,0,41832.4
2023-12-29,30.4,4.3,76.2,0,41904.5
2023-12-30,29.2,0.1,70.2,0,40672.5
2023-12-31,29.7,2.5,74.5,1,38140.5
2024-01-01,28.4,0.0,67.3,1,38527.8
2024-01-02,28.3,0.4,73.0,0,41460.9
2024-01-03,29.4,0.5,76.1,0,41380.2
2024-01-04,29.9,0.7,72.3,0,42894.4
2024-01-05,29.1,0.1,73.7,0,41788.0
2024-01-06,28.1,1.3,66.6,0,40279.0
2024-01-07,28.1,4.4,76.6,1,37788.2
2024-01-08,28.1,2.3,77.4,0,42120.0
2024-01-09,27.8,0.0,76.7,0,40040.5
2024-01-10,29.3,0.0,75.9,0,42922.7
2024-01-11,30.2,1.4,72.0,0,41982.7
2024-01-12,29.3,0.0,72.6,0,40836.4
2024-01-13,27.5,0.0,71.7,0,39533.7
2024-01-14,29.2,0.0,72.6,1,37479.6
2024-01-15,29.3,1.2,70.1,0,42181.3
2024-01-16,31.1,0.0,64.8,0,42026.6
2024-01-17,28.3,0.4,71.6,0,41468.1
2024-01-18,29.2,0.0,77.8,0,42555.1
2024-01-19,30.9,0.0,69.9,0,42221.9
2024-01-20,29.9,0.7,73.3,0,41112.3
2024-01-21,30.0,0.0,70.4,1,38244.6
2024-01-22,29.7,2.1,68.4,0,41831.1
2024-01-23,29.9,0.0,75.0,0,43947.2
2024-01-24,30.3,0.4,65.3,0,42972.6
2024-01-25,29.0,0.0,71.8,0,41736.6
2024-01-26,30.4,0.0,71.2,0,42195.1
2024-01-27,28.7,2.9,76.6,0,40736.3
2024-01-28,30.0,3.8,72.2,1,39206.2
2024-01-29,30.0,0.0,66.5,0,42160.0
2024-01-30,29.4,0.5,70.9,0,42490.7
2024-01-31,29.9,0.0,70.0,0,41807.3
2024-02-01,29.4,3.5,72.9,0,41485.6
2024-02-02,29.1,1.0,76.9,0,42301.8
2024-02-03,29.7,0.0,68.8,0,40747.9
2024-02-04,29.1,0.0,74.2,1,39428.9
2024-02-05,30.3,0.0,72.0,0,42729.3
2024-02-06,29.1,0.0,76.2,0,41020.3
2024-02-07,30.7,0.0,70.6,0,43030.0
2024-02-08,29.2,8.5,81.1,0,40874.6
2024-02-09,29.7,0.0,71.9,0,42989.1
2024-02-10,29.7,2.0,75.1,0,41417.6
2024-02-11,31.3,3.9,68.1,1,41201.5
2024-02-12,30.5,8.0,68.5,0,43403.3
2024-02-13,30.1,2.6,74.6,0,42034.7
2024-02-14,30.7,1.6,73.3,0,41751.8
2024-02-15,28.7,3.0,77.4,0,41559.0
2024-02-16,30.3,0.0,69.9,0,42186.6
2024-02-17,32.0,0.0,73.5,0,44084.5
2024-02-18,30.5,1.8,71.0,1,39843.6
2024-02-19,30.5,0.0,72.5,0,43730.1
2024-02-20,30.9,0.8,72.9,0,43128.5
2024-02-21,31.2,1.4,76.2,0,43340.4
2024-02-22,29.0,19.8,85.5,0,41713.5
2024-02-23,29.2,12.4,79.3,0,42865.6
2024-02-24,30.8,5.9,70.2,0,42434.9
2024-02-25,30.1,9.3,82.6,1,38805.3
2024-02-26,31.7,0.2,70.8,0,44874.3
2024-02-27,30.4,4.3,75.5,0,42891.4
2024-02-28,29.2,8.5,88.1,0,42048.3
2024-02-29,29.7,0.2,73.5,0,41079.4
2024-03-01,28.6,5.7,73.9,0,42602.1
2024-03-02,30.6,0.0,70.5,0,42549.4
2024-03-03,30.7,7.1,72.7,1,40045.9
2024-03-04,30.5,12.0,77.8,0,42686.6
2024-03-05,31.8,0.3,68.4,0,43588.8
2024-03-06,31.9,0.5,67.8,0,43790.4
2024-03-07,30.8,11.6,74.2,0,43445.5
2024-03-08,29.3,4.1,80.5,0,43096.5
2024-03-09,31.5,10.0,77.2,0,42505.5
2024-03-10,31.5,2.6,70.8,1,41237.0
2024-03-11,31.3,2.8,74.2,0,43690.7
2024-03-12,31.9,3.7,73.1,0,43666.5
2024-03-13,30.2,17.3,83.8,0,42848.8
2024-03-14,32.7,8.7,75.6,0,43381.9
2024-03-15,30.4,0.8,72.4,0,43577.7
2024-03-16,31.8,4.2,74.1,0,42083.1
2024-03-17,29.8,1.9,75.7,1,39286.5
2024-03-18,30.5,1.2,72.6,0,42179.9
2024-03-19,32.4,5.6,71.3,0,44187.6
2024-03-20,31.0,4.2,77.8,0,44734.9
2024-03-21,32.0,0.0,67.7,0,44203.9
2024-03-22,31.5,2.8,72.8,0,44390.3
2024-03-23,31.2,0.8,71.9,0,44558.8
2024-03-24,32.4,4.4,69.4,1,41453.5
2024-03-25,31.2,0.6,68.2,0,43429.3
2024-03-26,30.0,1.6,72.1,0,42908.4
2024-03-27,30.8,0.7,69.8,0,43743.2
2024-03-28,31.9,10.8,71.8,0,43517.3
2024-03-29,31.8,1.9,68.6,0,43833.6
2024-03-30,30.2,10.2,79.1,0,42910.1
2024-03-31,30.9,1.8,75.6,1,41270.0
2024-04-01,31.0,3.9,74.7,0,42729.2
2024-04-02,31.2,0.0,62.4,0,43502.3
2024-04-03,30.4,0.0,73.3,0,43358.9
2024-04-04,31.0,1.1,69.5,0,44313.7
2024-04-05,31.0,7.6,76.8,0,44414.6
2024-04-06,32.2,0.0,68.7,0,45381.3
2024-04-07,32.2,0.0,68.1,1,41048.9
2024-04-08,31.5,3.8,71.9,0,43792.6
2024-04-09,31.3,2.6,71.7,0,44403.8
2024-04-10,31.7,0.0,73.4,0,43884.0
2024-04-11,31.0,7.9,75.6,0,43601.7
2024-04-12,30.7,7.9,79.3,0,43305.9
2024-04-13,30.9,0.0,73.4,1,39036.1
2024-04-14,31.2,0.0,72.2,1,40945.6
2024-04-15,30.8,0.3,65.7,0,43741.5
2024-04-16,31.8,1.1,73.3,0,45173.9
2024-04-17,32.3,0.7,67.7,0,44587.4
2024-04-18,30.5,0.3,73.7,0,42899.0
2024-04-19,31.7,0.0,66.5,0,44181.8
2024-04-20,31.6,1.3,67.0,0,41954.7
2024-04-21,32.0,1.5,75.9,1,40440.6
2024-04-22,31.7,2.5,68.1,0,44672.4
2024-04-23,30.6,0.0,74.5,0,43634.4
2024-04-24,30.8,0.1,71.3,0,44467.9
2024-04-25,31.8,0.0,68.0,0,43089.2
2024-04-26,32.6,0.0,68.0,0,44594.4
2024-04-27,30.0,0.2,68.2,0,42291.8
2024-04-28,32.1,0.0,68.9,1,41910.3
2024-04-29,32.7,0.0,64.6,0,45249.1
2024-04-30,31.7,2.8,70.1,0,44613.0
2024-05-01,32.2,0.1,71.5,1,43261.8
2024-05-02,31.2,0.0,70.9,0,43838.2
2024-05-03,31.7,5.3,68.5,0,44978.9
2024-05-04,30.5,3.1,75.8,0,42031.3
2024-05-05,29.9,2.5,73.7,1,39444.5
2024-05-06,32.6,2.6,68.3,0,45087.9
2024-05-07,31.0,0.8,73.3,0,42937.8
2024-05-08,31.4,0.8,69.9,0,44484.6
2024-05-09,30.7,0.0,67.5,0,43841.7
2024-05-10,30.7,14.2,85.8,0,43957.9
2024-05-11,31.7,1.3,70.3,0,43241.4
2024-05-12,31.2,3.5,72.2,1,40717.4
2024-05-13,32.1,1.6,68.7,0,44691.3
2024-05-14,32.1,0.3,72.5,0,43993.1
2024-05-15,32.0,6.7,71.7,0,43681.4
2024-05-16,32.0,3.2,66.5,0,44526.4
2024-05-17,33.0,1.9,66.6,0,44748.3
2024-05-18,30.9,4.4,77.5,0,42485.5
2024-05-19,31.7,2.6,73.6,1,40836.0
2024-05-20,32.6,16.0,77.7,0,45098.4
2024-05-21,32.7,7.8,77.1,0,44096.4
2024-05-22,30.6,6.0,77.2,0,43096.0
2024-05-23,31.5,0.0,69.0,0,42912.1
2024-05-24,32.8,6.5,71.5,0,44392.6
2024-05-25,32.1,6.4,74.0,0,43605.6
2024-05-26,31.8,0.2,66.8,1,41504.7
2024-05-27,31.5,0.0,69.8,0,44060.5
2024-05-28,31.4,8.6,76.5,0,44228.7
2024-05-29,31.9,9.8,70.5,0,44279.6
2024-05-30,31.4,1.2,70.1,0,44600.3
2024-05-31,31.6,1.1,69.4,0,44581.4
2024-06-01,31.7,4.6,75.6,0,43966.8
2024-06-02,31.1,1.9,66.1,1,40317.9
2024-06-03,32.0,0.0,67.8,0,43276.0
2024-06-04,33.9,0.2,64.8,0,45454.9
2024-06-05,30.1,5.7,78.4,0,43515.9
2024-06-06,31.8,0.3,69.4,0,45000.0
2024-06-07,30.9,10.5,82.8,0,44017.5
2024-06-08,32.0,6.8,75.5,0,44167.6
2024-06-09,31.5,5.8,72.2,1,40813.4
2024-06-10,32.1,4.3,72.4,0,44060.7
2024-06-11,32.4,0.8,67.9,0,43268.1
2024-06-12,31.6,7.5,77.0,0,43732.4
2024-06-13,32.3,0.7,65.0,0,43745.3
2024-06-14,29.5,10.1,76.8,0,42550.1
2024-06-15,32.6,15.0,79.1,0,42860.8
2024-06-16,31.7,4.0,75.8,1,40723.7
2024-06-17,32.2,12.7,70.4,0,43490.0
2024-06-18,30.3,0.0,75.6,0,43695.5
2024-06-19,30.6,5.6,74.2,0,41244.5
2024-06-20,31.4,2.8,66.1,0,43580.9
2024-06-21,31.2,6.8,65.6,0,44005.7
2024-06-22,31.5,0.0,65.2,0,43864.4
2024-06-23,32.1,6.0,72.7,1,40893.5
2024-06-24,29.8,0.5,72.4,0,43781.2
2024-06-25,31.9,2.4,72.5,0,43749.3
2024-06-26,31.1,15.4,78.6,0,42784.6
2024-06-27,30.9,4.2,70.0,0,43405.8
2024-06-28,29.9,3.4,73.1,0,42569.8
2024-06-29,31.5,2.9,71.8,0,41907.4
2024-06-30,29.1,6.5,78.2,1,38503.5
2024-07-01,31.5,4.6,70.3,0,42524.7
2024-07-02,29.8,2.4,76.6,0,42811.4
2024-07-03,31.0,1.9,69.9,0,43055.3
2024-07-04,30.8,1.6,69.1,0,42725.6
2024-07-05,31.8,0.9,68.2,0,43074.6
2024-07-06,30.7,0.0,74.1,0,42352.4
2024-07-07,30.3,2.3,72.6,1,39920.1
2024-07-08,30.4,0.0,69.3,0,41995.3
2024-07-09,31.8,0.4,72.3,0,42529.5
2024-07-10,31.2,3.0,78.6,0,43578.2
2024-07-11,30.4,0.5,72.3,0,41762.1
2024-07-12,30.5,0.3,75.1,0,43041.0
2024-07-13,29.4,0.7,76.4,0,42274.6
2024-07-14,31.0,0.0,68.7,1,40717.9
2024-07-15,29.2,6.7,77.6,0,42251.6
2024-07-16,31.2,5.7,70.1,0,43195.9
2024-07-17,30.7,5.4,73.9,0,43932.6
2024-07-18,32.4,0.9,67.0,0,41942.9
2024-07-19,29.6,0.0,71.3,0,41814.4
2024-07-20,30.4,2.3,70.6,0,42035.2
2024-07-21,31.9,0.0,68.3,1,39738.3
2024-07-22,31.4,2.6,73.2,0,43602.8
2024-07-23,29.8,0.0,71.9,0,42102.2
2024-07-24,30.5,1.2,66.3,0,42490.5
2024-07-25,30.3,3.4,71.5,0,42027.0
2024-07-26,30.5,0.1,66.7,0,42053.6
2024-07-27,29.7,0.1,73.2,0,40723.6
2024-07-28,30.2,0.0,73.3,1,39156.8
2024-07-29,28.9,0.0,74.4,0,41061.7
2024-07-30,30.3,1.4,70.2,0,42763.5
2024-07-31,30.5,2.0,73.3,0,42634.9
2024-08-01,29.9,2.6,72.4,0,42607.5
2024-08-02,28.8,0.4,70.7,0,40667.4
2024-08-03,30.8,0.0,73.0,0,40374.0
2024-08-04,30.3,1.9,75.2,1,38832.8
2024-08-05,29.4,0.0,75.7,0,43533.1
2024-08-06,29.7,0.0,70.6,0,42607.4
2024-08-07,28.7,4.6,80.4,0,40759.8
2024-08-08,29.1,0.4,72.1,0,41690.7
2024-08-09,29.4,8.6,80.4,0,41753.1
2024-08-10,30.8,4.5,72.2,0,40276.5
2024-08-11,29.3,1.3,73.2,1,39115.8
2024-08-12,30.3,6.8,68.7,0,41579.8
2024-08-13,29.3,1.7,73.3,0,41320.5
2024-08-14,29.9,5.9,76.3,0,41514.8
2024-08-15,29.6,0.5,71.7,0,42251.5
2024-08-16,30.3,8.4,82.2,0,41094.7
2024-08-17,29.2,0.0,69.7,0,39295.4
2024-08-18,28.3,0.0,72.8,1,37882.8
2024-08-19,28.5,0.1,71.7,0,39581.5
2024-08-20,29.1,1.0,72.3,0,40975.8
2024-08-21,28.5,4.9,80.5,0,41496.7
2024-08-22,29.8,3.3,78.9,0,41762.3
2024-08-23,29.1,7.9,76.4,0,41535.0
2024-08-24,31.3,11.8,75.5,0,41283.6
2024-08-25,28.0,0.0,71.5,1,38948.2
2024-08-26,29.5,13.5,85.4,0,40439.9
2024-08-27,28.4,2.8,79.5,0,40914.6
2024-08-28,28.9,0.9,73.9,0,40650.3
2024-08-29,29.4,0.0,68.7,0,41801.1
2024-08-30,27.4,7.9,77.1,0,39885.4
2024-08-31,29.4,7.4,78.2,0,41112.5
2024-09-01,30.7,0.1,72.6,1,38218.8
2024-09-02,28.8,0.3,67.8,0,41737.4
2024-09-03,29.3,9.5,78.2,0,41129.8
2024-09-04,29.9,6.2,81.0,0,41105.7
2024-09-05,28.9,2.5,74.6,0,41123.6
2024-09-06,28.6,6.8,83.0,0,40601.6
2024-09-07,27.2,5.4,81.7,0,39134.5
2024-09-08,29.5,0.5,69.8,1,37735.1
2024-09-09,28.9,9.9,79.2,0,39968.1
2024-09-10,28.1,8.0,79.6,0,39901.0
2024-09-11,29.0,3.8,73.0,0,39585.4
2024-09-12,28.4,8.8,77.2,0,40751.4
2024-09-13,28.4,20.2,92.0,0,38998.1
2024-09-14,29.3,0.1,70.1,0,39876.3
2024-09-15,27.8,2.2,80.1,1,37293.4
2024-09-16,29.6,2.4,72.8,0,41506.7
2024-09-17,27.7,7.7,80.5,0,38657.9
2024-09-18,28.2,0.9,76.9,0,40251.1
2024-09-19,30.3,6.9,74.3,0,41371.1
2024-09-20,29.6,1.1,75.0,0,40982.4
2024-09-21,28.8,0.0,67.7,0,40544.1
2024-09-22,27.9,2.9,78.3,1,36316.2
2024-09-23,28.2,0.8,67.8,0,38929.1
2024-09-24,28.7,3.0,75.3,0,40923.1
2024-09-25,28.6,3.9,79.1,0,39985.1
2024-09-26,28.5,0.0,76.1,0,39259.2
2024-09-27,28.5,0.8,70.8,0,40276.9
2024-09-28,28.4,2.1,72.3,0,40146.8
2024-09-29,27.4,5.0,77.1,1,35637.0
2024-09-30,28.1,4.1,78.1,0,41546.4
2024-10-01,29.2,0.0,67.1,0,40161.4
2024-10-02,27.4,1.0,76.5,0,39837.6
2024-10-03,28.3,2.6,77.2,0,39368.2
2024-10-04,27.8,0.6,74.9,0,40002.4
2024-10-05,28.5,0.0,75.8,0,39354.9
2024-10-06,28.1,0.9,76.1,1,35939.3
2024-10-07,29.6,1.7,72.1,0,42617.8
2024-10-08,28.8,0.0,68.0,0,40135.9
2024-10-09,27.3,2.1,77.8,0,39355.0
2024-10-10,28.9,0.9,71.4,0,41098.9
2024-10-11,27.7,1.9,74.9,0,41046.9
2024-10-12,27.9,0.4,76.9,0,39821.4
2024-10-13,28.6,5.6,82.0,1,36159.4
2024-10-14,27.9,1.1,75.7,0,40121.2
2024-10-15,29.0,1.9,76.4,0,39254.1
2024-10-16,27.7,1.5,72.1,0,40431.7
2024-10-17,27.8,0.1,76.1,0,38886.0
2024-10-18,27.8,0.8,75.7,0,39382.7
2024-10-19,27.8,0.0,79.0,0,39059.1
2024-10-20,29.1,4.7,74.8,1,37519.8
2024-10-21,28.8,1.2,73.9,0,40200.8
2024-10-22,29.6,0.0,75.8,0,41812.1
2024-10-23,30.1,3.9,74.2,0,41369.9
2024-10-24,27.4,0.2,72.7,0,40179.8
2024-10-25,28.3,2.6,83.9,0,39301.8
2024-10-26,27.3,0.0,72.8,0,39915.9
2024-10-27,27.6,3.7,77.8,1,36012.5
2024-10-28,27.7,1.6,77.5,0,40995.4
2024-10-29,27.4,0.0,76.8,0,41074.1
2024-10-30,27.4,1.8,76.6,0,40034.2
2024-10-31,28.1,6.4,78.4,0,40563.2
2024-11-01,27.2,0.0,75.5,0,37702.8
2024-11-02,28.9,0.0,70.3,0,39474.5
2024-11-03,27.5,0.8,82.8,1,37319.2
2024-11-04,30.4,1.5,71.7,0,41814.1
2024-11-05,27.8,5.0,80.3,0,39052.4
2024-11-06,28.3,3.1,75.7,0,39926.6
2024-11-07,27.2,1.2,75.9,0,38020.4
2024-11-08,29.6,2.8,73.1,0,41039.3
2024-11-09,29.1,11.3,76.1,0,38132.6
2024-11-10,28.4,4.7,76.9,1,37715.0
2024-11-11,27.1,1.9,76.3,0,40426.8
2024-11-12,28.4,1.6,79.0,0,39968.7
2024-11-13,27.3,3.4,74.6,0,40051.9
2024-11-14,29.4,7.4,76.0,0,40433.7
2024-11-15,28.9,0.5,71.3,0,40735.4
2024-11-16,28.3,6.9,83.4,0,38446.1
2024-11-17,26.3,2.5,76.6,1,36493.2
2024-11-18,27.5,3.2,79.5,0,38769.0
2024-11-19,28.8,27.2,94.4,0,38461.8
2024-11-20,29.2,7.0,77.3,0,40493.8
2024-11-21,29.2,1.4,70.0,0,40607.9
2024-11-22,27.0,5.6,76.0,0,39753.0
2024-11-23,28.5,10.0,83.3,0,38843.8
2024-11-24,29.1,7.7,74.6,1,38562.1
2024-11-25,27.0,0.0,77.7,0,39902.6
2024-11-26,28.3,3.7,77.2,0,40473.0
2024-11-27,28.6,6.4,79.5,0,40479.7
2024-11-28,28.1,6.0,80.1,0,40818.7
2024-11-29,26.9,2.0,75.2,0,40104.0
2024-11-30,28.1,8.5,77.4,0,39496.4
2024-12-01,28.1,12.5,85.1,1,37266.7
2024-12-02,28.3,0.0,72.7,0,39329.4
2024-12-03,28.0,0.0,66.8,0,39216.1
2024-12-04,28.1,6.3,80.9,0,40175.4
2024-12-05,28.4,9.2,77.3,0,40171.8
2024-12-06,28.8,1.5,76.2,0,41155.9
2024-12-07,28.2,3.9,81.4,0,39544.5
2024-12-08,28.2,6.1,78.7,1,37517.4
2024-12-09,28.6,2.5,78.8,0,39870.8
2024-12-10,27.0,10.8,84.0,0,39635.2
2024-12-11,28.9,5.5,81.9,0,39904.2
2024-12-12,28.6,1.0,71.6,0,41025.1
2024-12-13,28.6,1.3,74.9,0,39585.7
2024-12-14,29.4,3.6,77.3,0,40432.5
2024-12-15,27.1,2.0,77.1,1,35916.2
2024-12-16,27.1,0.0,79.8,0,39910.6
2024-12-17,28.9,4.3,75.2,0,41481.1
2024-12-18,28.7,1.1,80.9,0,41080.1
2024-12-19,28.9,1.5,81.1,0,39945.0
2024-12-20,28.4,0.0,75.3,0,40417.3
2024-12-21,29.3,12.9,83.1,0,38988.8
2024-12-22,29.5,5.6,79.9,1,36953.2
2024-12-23,29.2,14.7,79.2,0,40868.5
2024-12-24,28.6,1.5,71.1,0,41364.3
2024-12-25,27.2,5.2,83.4,1,38176.7
2024-12-26,29.5,3.1,75.6,0,41792.7
2024-12-27,29.9,0.3,71.7,0,41694.1
2024-12-28,29.4,1.1,73.6,0,40409.1
2024-12-29,28.2,4.0,70.1,1,36932.1
2024-12-30,29.5,0.0,72.2,0,41313.6
2024-12-31,29.7,5.5,73.8,0,40650.8
2025-01-01,30.3,2.0,75.7,1,39781.0
2025-01-02,28.3,4.5,80.4,0,41698.2
2025-01-03,28.9,2.4,77.0,0,41920.0
2025-01-04,29.7,0.0,73.7,0,43580.1
2025-01-05,29.2,1.0,69.4,1,38145.6
2025-01-06,28.2,4.3,79.2,0,41608.5
2025-01-07,29.5,1.2,75.4,0,41493.6
2025-01-08,29.7,0.8,76.8,0,42278.4
2025-01-09,29.3,1.0,80.1,0,42143.6
2025-01-10,29.4,0.0,67.8,0,43039.3
2025-01-11,29.1,3.7,74.6,0,41020.1
2025-01-12,30.5,0.0,69.0,1,39718.8
2025-01-13,28.6,4.2,77.3,0,41738.3
2025-01-14,28.9,0.0,73.7,0,41409.6
2025-01-15,29.4,1.3,73.0,0,42117.4
2025-01-16,30.1,0.0,74.9,0,42705.9
2025-01-17,28.3,1.9,72.6,0,42057.2
2025-01-18,28.4,1.5,72.2,0,41596.5
2025-01-19,27.9,1.3,73.0,1,38542.3
2025-01-20,29.6,0.0,71.6,0,42608.2
2025-01-21,28.7,0.0,70.3,0,41247.5
2025-01-22,29.3,1.1,73.6,0,42996.0
2025-01-23,30.2,3.1,73.3,0,42559.5
2025-01-24,29.1,0.0,70.9,0,43142.7
2025-01-25,29.9,0.0,74.8,0,42984.0
2025-01-26,29.5,1.2,73.4,1,39496.3
2025-01-27,30.3,10.1,81.3,0,42250.9
2025-01-28,30.2,0.0,71.2,0,43219.3
2025-01-29,29.3,0.1,73.1,0,43041.0
2025-01-30,29.7,0.0,70.7,0,42849.9
2025-01-31,30.7,0.7,71.4,0,43165.6
2025-02-01,30.2,5.2,77.2,0,42627.8
2025-02-02,28.8,1.0,73.2,1,39779.8
2025-02-03,30.5,15.0,82.6,0,42765.6
2025-02-04,29.1,1.7,71.9,1,39449.1
2025-02-05,31.2,7.0,77.1,0,43928.9
2025-02-06,30.9,0.8,69.5,0,43235.5
2025-02-07,30.3,0.0,74.1,0,43656.1
2025-02-08,30.2,1.6,72.9,0,42642.0
2025-02-09,30.0,4.0,79.2,1,38826.4
2025-02-10,30.7,0.1,67.5,0,43819.3
2025-02-11,29.9,7.9,72.8,0,43461.4
2025-02-12,30.4,0.9,70.1,0,44052.9
2025-02-13,31.0,0.0,66.4,0,44025.9
2025-02-14,29.9,20.1,81.1,0,41445.0
2025-02-15,29.8,0.3,74.3,0,43366.4
2025-02-16,29.4,1.1,73.6,1,40286.0
2025-02-17,29.5,6.7,75.6,0,42326.2
2025-02-18,29.0,1.8,73.6,0,42507.3
2025-02-19,31.0,0.1,68.7,0,44246.0
2025-02-20,31.9,1.1,74.8,0,44948.3
2025-02-21,31.7,19.1,79.7,0,43443.3
2025-02-22,29.2,6.7,73.5,0,42692.3
2025-02-23,31.2,8.3,78.1,1,39569.2
2025-02-24,31.7,5.1,72.0,0,43671.0
2025-02-25,30.3,6.2,81.7,0,42276.9
2025-02-26,30.7,2.0,70.6,0,43427.8
2025-02-27,29.1,4.6,78.9,0,44122.9
2025-02-28,30.9,0.0,73.8,0,45543.8
2025-03-01,29.9,10.8,77.6,0,42601.7
2025-03-02,30.9,2.1,69.7,1,40552.7
2025-03-03,29.6,0.0,74.9,0,43450.0
2025-03-04,31.3,5.1,75.1,0,44561.2
2025-03-05,31.7,3.1,67.2,0,43522.1
2025-03-06,30.3,10.6,75.1,0,43237.1
2025-03-07,30.0,3.7,66.8,0,44673.4
2025-03-08,29.2,1.4,75.9,0,41879.7
2025-03-09,30.8,3.8,72.6,1,40440.5
2025-03-10,30.5,15.6,80.9,0,43628.0
2025-03-11,29.8,10.6,74.1,0,43634.3
2025-03-12,31.4,7.3,71.3,0,43955.8
2025-03-13,30.7,10.8,76.5,0,43968.9
2025-03-14,30.2,7.6,74.6,0,44208.3
2025-03-15,30.7,0.5,71.6,0,44663.9
2025-03-16,32.0,8.3,76.2,1,41380.0
2025-03-17,31.6,11.2,83.6,0,44380.7
2025-03-18,31.1,11.5,77.8,0,45131.1
2025-03-19,31.7,0.0,72.8,0,44493.5
2025-03-20,30.3,1.3,69.9,0,43282.4
2025-03-21,31.3,0.8,65.6,0,44802.6
2025-03-22,31.4,1.8,70.0,0,44472.7
2025-03-23,30.9,5.0,69.0,1,41379.7
2025-03-24,31.7,3.4,71.7,0,44705.2
2025-03-25,30.7,3.2,70.7,0,43384.8
2025-03-26,31.8,0.0,63.5,0,44916.8
2025-03-27,31.8,0.7,75.0,0,45765.4
2025-03-28,29.1,8.9,77.5,0,42563.4
2025-03-29,32.4,7.5,68.4,0,43949.4
2025-03-30,29.0,1.7,77.3,1,40148.3
2025-03-31,31.0,4.9,71.6,0,43985.3
2025-04-01,32.3,2.9,73.7,0,45317.3
2025-04-02,31.2,5.0,71.2,0,44871.4
2025-04-03,30.3,4.4,72.7,0,44458.5
2025-04-04,30.7,1.4,72.9,0,43806.0
2025-04-05,32.4,3.0,72.2,0,43243.6
2025-04-06,30.0,2.3,75.8,1,41088.1
2025-04-07,32.5,1.1,68.7,0,45014.6
2025-04-08,31.5,0.6,71.6,0,46115.3
2025-04-09,30.7,7.0,77.8,0,45492.9
2025-04-10,31.2,0.8,71.4,0,46024.2
2025-04-11,30.8,2.4,71.9,0,43906.7
2025-04-12,32.3,5.7,67.9,0,44606.5
2025-04-13,32.2,1.8,71.6,1,42597.1
2025-04-14,30.3,1.6,72.7,1,42498.4
2025-04-15,31.4,0.5,69.1,0,44625.6
2025-04-16,31.0,1.3,75.2,0,45491.9
2025-04-17,32.7,0.0,63.6,0,45540.3
2025-04-18,30.6,10.2,82.6,0,44257.1
2025-04-19,33.0,0.0,67.4,0,43771.4
2025-04-20,31.7,0.1,70.5,1,42261.0
2025-04-21,30.8,1.5,70.6,0,44396.4
2025-04-22,31.2,1.4,66.1,0,45061.9
2025-04-23,31.1,0.0,69.9,0,44915.9
2025-04-24,30.7,0.0,71.9,0,44701.5
2025-04-25,31.8,0.0,71.3,0,45081.9
2025-04-26,30.8,0.9,70.8,0,44183.2
2025-04-27,30.0,0.0,65.4,1,40910.4
2025-04-28,31.5,2.2,66.6,0,43909.9
2025-04-29,30.3,4.2,80.4,0,44606.1
2025-04-30,31.2,3.0,68.9,0,44155.2
2025-05-01,31.1,3.9,77.2,1,41425.1
2025-05-02,31.1,0.0,67.6,0,44071.6
2025-05-03,33.4,0.5,66.7,0,45101.0
2025-05-04,31.8,0.0,71.1,1,41822.6
2025-05-05,32.0,0.0,66.5,0,43767.3
2025-05-06,30.4,0.4,76.4,0,44110.1
2025-05-07,31.3,8.6,75.9,0,45255.4
2025-05-08,32.0,11.3,77.8,0,44434.6
2025-05-09,31.0,0.0,69.7,0,44534.7
2025-05-10,32.5,2.2,71.6,0,45079.0
2025-05-11,30.8,3.5,77.8,1,41751.5
2025-05-12,31.6,1.4,70.2,0,45517.1
2025-05-13,31.3,9.0,81.1,0,42658.8
2025-05-14,31.9,1.0,68.0,0,46146.7
2025-05-15,31.3,0.7,72.8,0,45126.0
2025-05-16,31.6,0.3,71.3,0,46457.1
2025-05-17,31.6,1.9,67.6,0,43394.9
2025-05-18,31.2,2.1,72.3,1,40244.5
2025-05-19,32.1,3.7,71.2,0,44996.3
2025-05-20,31.9,4.1,69.2,0,44689.0
2025-05-21,31.7,0.0,70.6,0,45296.7
2025-05-22,31.4,4.3,73.1,0,45275.6
2025-05-23,32.4,4.3,71.0,0,44975.9
2025-05-24,31.5,4.5,72.5,0,43555.9
2025-05-25,31.5,9.0,75.4,1,41552.3
2025-05-26,31.8,6.8,72.6,0,44465.6
2025-05-27,33.0,0.0,67.9,0,45242.1
2025-05-28,30.6,6.1,73.1,0,44740.4
2025-05-29,32.3,8.3,81.9,0,45599.4
2025-05-30,30.1,4.0,70.2,0,44592.4
2025-05-31,31.8,0.2,67.7,0,43803.0
